composer,composer_cyrillic,gender,birth,death,currently,diaspora,studied,taught,worked,member_of_National_Union_of_Composers_of_Ukraine,sources,personal_website,in_contact
"ABRAMSKY, Oleksandr","Абрамський, Олександр",Male,"January 22nd, 1898 in Lutsk, Ukraine","August 29th, 1985 in Moscow, Russia",-,-,MSC (1927) comp with M. Myaskovsky,various music schools ,"folklorist, music critic",-,"Ho (3), Musicalics, Piirainen, Shank (49–50), UME (I: 19–20), Vodarsky (9)",-,-
"AKIMENKO, Theodore","Якименко, Федір",Male,"February (Julian calendar)/September (Gregorian) 20th or 22nd, 1876* (sources conflict on the date 20th or 22nd) in Pisky, Kharkiv (brother is Yakov Stepovyi)","January 3rd, 1945 in Paris, France (on his grave marked “Ukrainian composer”)",-,"Prague, Czech (1924), Nice then Paris France (1926-45)","Imperial Chapel in St Petersburg (1990) comp with Balakirev & Lyapunov, SPSC (1900) comp with Liadov & Rimsky-Korsakov","director of a music school in Tbilisi (1901-03), SPSC (1914-1923) taught Igor Stravinsky, Drahomanov Ukrainian Institute of Higher Education (1924-26)","pianist in France, Switzerland (1903-06), wrote “A Practical Course in Harmony” (1926)",-,"Baley, Gnativ (14), Grove, Ho (8-9), IEU, Mukha (340-41), Shank (52), Slonimsky (98), Sonevystky (91-92), UASP, UL, Vilkova (352-53), Vodarsky (11), VUE",-,-
"ALBUL, Oleksandr","Албул, Олександр",Male,"January 2nd, 1955 in Vynnyky, Lviv Oblast, Ukraine",-,-,-,"LNMA (1984) comp with D. Zádor, (1996) Master in instrument repair",LNU (1984–1996),-,joined (1999),"ESU, Mukha (12), UME (I: 41), Vilkova (6), NUCU website, 2006 (74)",-,via email 
"ALMASHI, Zoltan","Алмаші, Золтан",Male,"1975 in Lviv, Ukraine (musical family, violinists)",-,-,-,"LNMA (1998) vlc, (1999) comp with Y. Laniuk, NMAU (2002)Phd with comp with Y. Stankovych; Private studies 2008 in Poland with A. Larson",NMAU,"vlc soloist with Kyiv Camerata (2000–), Ricochet Contemporary Music Ensemble (2000–), Nostri Temporis (2007–), & New Music Ukraine, founder & artistic director of Levko Revutsky String Quartet (2018–) & Gulfstream Chamber Music Festival (2012–)",joined (2001),"ESU, Gnativ (15), Mukha (14), UL, UMW, Vilkova (9), VUE, NUCU website, 2006 (9)",-,via email 
"ANDRIEVA, Olena","Андрєєва, Олена",Female,"June 15th, 1914 in St Petersburg, Russia","June 6th, 2007 in Kyiv, Ukraine",-,-,"Luhansk Mechanical Engineering Technicum (1935), NMAU (1945) history/theory, comp with L. Revutsky",NMAU & KLMS (19442–67) music theory ,"Luhansk steam locomotive plant, editor for Soviet Composers (1960-90), Mystetystvo (1963–90), Muzychna Ukraina (1967–90), author of theory textbook & music dictionary",joined (1945),"Dyntynyak (15), Karas (763), Mukha (15 –16), Rozhok, Shank (58), Sonevytsky (13), UME (I: 63–64), VUE, 1968 (3–4) 1978 (4) 1984 (5), 2006 (9)",-,-
"ANDROSYUK, Petro","Андросюк, Петро",Male,"July 25th, 1912 in Kharkiv, Ukraine","1976 or 1978 in Kharkiv, Ukraine",-,-,"KhNUA (1946) music theory, comp with S. Bogatyrov","KhMS (1946–71), KhNUA (1950–71) music theory",-,-,"ESU, Mukha (16–17), UME (I: 67)",-,-
"ANTONYUK, Valeriy","Антонюк, Валерій",Male,"August 11th, 1979 in Derenkovets, Cherkasy oblast, Ukraine",-,-,-,"GKIM (1998) folk instruments sopilka & dulcimer, NMAU (2003) & (2008) comp with G. Liashenko; Private studies: comp with V. Kyreyko  ",-,"pianist, composer",joined (2004),"ESU, Mukha (17), UL, NUCU website, 2006 (10)",-,via email 
"AREDO, Diana","Аредо, Діана",Female,"July 10th, 1994 in Donetsk, Ukraine",-,Germany,Germany,"Belarusian State Academy of Music pno, NMAU (2018) pno, Musikhochschule Lübeck (2021) pno",-,accompanist at the Belarusian State Academy of Music (2014–17),-,-,-,via email
"ARKHYPOVA, Olena","Архипова, Олена",Female,"1985 in Dnipro, Ukraine",-,-,-,"LuC (2005) pno, (2010) & (2012) comp with S. Turneev","Luhansk Music School no. 2 (2010–2014), DAM (2016–)","lecturer & musicologist at Luhansk Philharmonic (2010), announcer for “Pulse” Luhansk Radio (2011)","joined (2015), president of Dnipro branch (2020–)",-,-,via email 
"ARKUSHYNA, Anna","Аркушина, Анна ",Female,"1989 in Lutsk, Ukraine",-,"Graz, Austria",Austria,"Kyiv Special Music College (2009) theory, comp with A. Zagaykevych, NMAU (2014) comp with Y. Stankovych, University of Music & Performing Arts Graz (2017) comp with B. Furrer, IEM Graz (2019) studied with M. Cicilliani & D. Mayer, IRCAM (2023) Cursus Program in Composition & Computer Music, University of Music & Performing Arts Graz (2024) comp with F. Bedrossian; Private lessons with D. Kourliandski, C. Bauckholt, S. Gervasoni",-,artist-in-residence at Kulturstiftung Schloss Wiepersdorf in Germany (2024),-,"LCP, UCMF",https://www.annaarkushyna.com/,-
"AVIDOM (MAHLER-KALKSTEIN), Menahem","Авідом, Менахем",Male,"January 6th, 1908 in Stanislav [Modern: Ivano-Frankivsk], Ukraine","August 5th, 1995 in Tel-Aviv, Israel (moved in 1925)",-,Israel,"American University in Beirut (1928), Paris Conservatory (1931) comp with H. Rabaud",Tel-Aviv Conservatory (1937–45),"music critic, secretary general of Israel Philharmonic Orchestra (1945–52), chair of Israel Composers’ League (1958–71), general director of ACUM - Israel Authors & Composers Association (1955–80)",-,"Grove, Ho (34), ICL, IMI, JMRC, Musicalics, Shank (63–64), Slonimsky (I: 213), VUE",-,-
"AZAROVA, Svitlana","Азарова, Світлана",Female,"January 9th, 1976 in Izmail, Odesa oblast, Ukraine",-,"Hague, Holland",Holland,"Izmail Pedagogical Institute (1996) music education, ONMA (2000) comp with K. Tsepkolenko, Amsterdam conservatoire (2006) comp with T. Loevendie",-,-,joined (2000),"ESU, Gnativ (16–17), Karas (456), LCP, Mukha (12), Musicalics, NMU, UME (I: 31), Shank (65–66), UMW, Vilkova (6), NUCU website, 2006 (78)",https://azarova.com/,via email 
"BABENKO, Yuriy","Бабенко, Юрій",Male,"1967 in Borova, Kyiv oblast",-,-,-,"KSMC (1989) folk instruments, NMAU (1995) comp with Y. Ishchenko",Music school in Boyarka (2006-),-,joined (1994),"Mukha (19-20), NUCU website, 2006 (10)",-,via email 
"BALEY, Virko","Балей, Вірко",Male,"October 21st, 1938 in Radekhiv, Lviv oblast, Ukraine",-,"Las Vegas, Nevada USA (family moved to USA in 1949)* Baley originally relocated to Slovakia with his mother when his father was sent to Auschwitz during WWII",USA,"Los Angeles Conservatory of Music (1960), (1962) comp with E. Voorhies","Jacyk Fellow at Harvard Ukrainian Research Institute, University of Nevada (1970–?), University of Las Vegas, California Institute of the Arts (1966–1970)","director/conductor Las Vegas Chamber Players (1974-?) & Las Vegas Symphony (1980–?), founder/director Nevada Symphony Orchestra (1980–95), guest conductor/music advisor Kyiv Camerata (1995–?), published musicology articles",joined (date unknown),"Baley, Dytynyak (17), ESU, Gnativ (17–18), Grove, Herman (I: 20), Karas, Korniy, Kubikovyc (I: 165) LCP, Mukha (21), Shank (73), Sonevytskyi (16–17), UCMF, UDC, UME (I: 128–29), UMW, Vilkova (16), VUE, NUCU website, 2006 (101)",https://www.virkobaley.com/,via email 
"BEDUSENKO, Sergei","Бедусенко, Сергій",Male,"May 10th, 1962 in Chernivtsi, Ukraine",-,-,-,NMAU (1979) comp with L. Kolodub,-,-,joined (1982),"ESU, Gnativ (18), Korniy, Mukha (25), Rozhok, Shank (77–78), Sonevytskyi (23), UME (I: 163), NUCU website, 1984 (10–11), 2006 (10)",www.bedusenko.com,via email 
"BEKIROV, Usein","Бекіров, Усеін",Male,"February 22nd, 1982 in Fergana, Uzbekistan (in 1990 his family moved back to their homeland of Simferopol, Crimea. He became a citizen of Crimea in 2000)",-,-,-,"NMAU Bachelor (2007) vln, Masters (2020) comp with I. Shcherbakov, (2021) comp with I. Shcherbakov, (2022) Phd “Crimean Folk Songs in the Practice of Academic and Jazz Composers”; Private Studies: comp with his father Ryza Bekirov","LNMA (2023–) head of jazz department, NMAU (2023–)","pianist, sound producer",joined (2021),NUCU Website,-,via email 
"BESEDINA, Valeriya","Бєсєдіна, Валерія",Female,"August 29th, 1964 in Lviv, Ukraine",-,Russia,Russia,"MSC (1989), (1991) comp with T. Khrennikov",-,"pianist, poet, visual artist",-,"Mukha (31), UME (I: 190), Sonevytskyi (28–29)",-,via email 
"BEZBORODKO, Oleg","Безбородько, Олег",Male,"April 3rd, 1973 in Kyiv, Ukraine",-,-,-,"GKIM (1991) pno, NMAU (1998) pno, Neuchâtel Conservatory (2002) pno, NMAU (2006) comp with G. Liashenko & L .Kolodub, (2010) Phd “National-Verbal Factor of Musical Creativity” supervisor M. Kovalinas",NMAU (2002–) pno,"chairman of piano competitions such as “All-Ukrainian Open Prokofiev Piano Competition”, concert pno",joined (2006),"Gnativ (18-20), Korniy, Rozhok, UCMF, UL, UMW, NUCU website",https://www.olegbezborodko.com,via email 
"BEZUHLOV, Nikolay","Безуглов, Николай",Male,"August 8th, 1957 in Dmitrievka, Kyrgyzstan (His family fled Ukraine due to WWII and moved back to Ukraine in 1969)",-,-,-,"Kirovograd Pedagogical Institute (1978) music education, ONMA (1985) comp with O. Krasotov",-,"Military musician (1980–88), musical director of Odesa puppet theater (1988–1991), sound engineer at Odesa State Tv and Radio company (1991-2018), head of music department of Odesa Theatre of Young Spectators (2018–)",joined (1989),"ESU, Mukha (28), Sonevytskyi (28), UME (I: 165), NUCU website, 2006 (79)",-,via email 
"BIBIK, Valentin","Бібік, Валентин",Male,"July 19th, 1940 in Kharkiv, Ukraine","July 7th, 2003 in Tel-Aviv, Israel (moved in 1997)",-,Israel,KhNUA (1966) comp with D. Klebanov,"KhNUA (1966–1994) head of comp (1991–94), St. Petersburg Academy of Arts (1994–2001), TAU (1998–2003)",-,"joined (1968), head of Kharkiv branch (1989–93)","Baley, Dytynyak (21–22), ESU, Gnativ (20–21), Ho (57), Karas, Korniy, Mukha (31–32), Rozhok, Shank (81), Sonevytskyi (28–29), UL, UME (I: 195–96), UMW, Vilkova (24–26), NUCU website, 1978 (10), 1984 (11–12)",-,-
"BIELAI, Yanina","Бєлай, Яніна",Female,"October 23rd, 1988 in Dnipro, Ukraine",-,-,-,"KhNUA (2014) comp with V. Muzhchyl, University of Munich (2021) comp with J. Mueller-Wieland, LNMA (2023–) Phd","Kamyanske Music College (2014–2015), Munich & Dachau music schools (2020–2022), LNMA (2023–)",ballet pianist for Lesya Ukrainka Musical Drama Theatre in Kamyanske (2014–2018),joined (2017),NUCU Website,-,via email 
"BILA, Kateryna","Біла, Катерина",Female,"October 7th, 1980 in Kyiv, Ukraine",-,-,-,NMAU (2003) comp with L. Kolodub,KMS no. 3 (1998–?),-,joined (date unknown),"Mukha (33), NUCU website, 2006 (11)",-,-
"BONDARENKO, Andriy","Бондаренко, Андрій",Male,"June 22nd, 1978 in Brovary, Kyiv oblast, Ukraine",-,-,-,"NMAU (2000) pno, comp with I. Karabyts (2003) pno","KU (2001–), National Academy of Culture and Arts Management (2006–)",-,joined (2003),"Mukha (39), UMW, Vilkova (30-31), NUCU website, 2006",https://aib.at.ua and https://andrijbondarenko.wordpress.com,via email 
"BONDARENKO, Illia","Бондаренко, Ілля",Male,"October 15th, 2001 in Donetsk, Ukraine",-,-,-,"NMAU (2019–) vln, comp with H. Havrylets; Private studies: comp with A. Kobzar ",-,-,-,-,-,via email 
"BORTNYANSKY, Dmytro","Бортнянський, Дмитро",Male,"October 1751 in Hlukhiv, Sumy oblast, Ukraine","October 9th, 1825 in St Petersburg, Russia",-,Russia,"Hlukhiv Music School, in St Petersburg (1758–69) comp with M. Poltoratsky, in Italy (1769–79) comp with B. Galuppi",-,"choirboy in Russian Imperial Court Chapel in St Petersburg (1758–69), conductor at courthouse in Gatchina & Pavlovsk (1779–96), Court Chapel Choir in St Petersburg (1796–1825)",-,"Dytynyak (25), Grove, IEU, Kubikovyc (I: 278), Mukha (40–42), Musicalics, Ritzarev, Sonevytsky (35–37), UL, UMW, Vilkova (33–34), Vodarsky (25–26), VUE",-,-
"BOYKO, Oleg","Бойко, Олег ",Male,"1976 in Mariupol, Ukraine",-,"Brussels, Belgium (moved in 2022)",Belgium,"Chernihiv Music College (1996) gtr, NMAU (2001) gtr",Chernihiv Music College (2000-21),guitarist,-,-,https://www.boyko.cn.ua,via email
"BRUK, Fridrich","Брук, Фридрих",Male,"1937 in Kharkiv, Ukraine",-,Finland (moved in 1974),Finland,"KhNUA, SPSC",-,-,-,"Gnativ (22–23), Music Finland Core, Musicalics, Shank (85–86)",-,-
"BULHAKOV, Lev","Булгаков, Лев",Male,"March 23rd, 1920 in Kharkiv, Ukraine","February 4th, 2005 in Kharkiv, Ukraine",-,-,"MSC (1942) military band conducting, KhNUA (1949) comp with S. Bogatyrov & M. Tits","KhMS (1949–70), KhNUA (1982–96) theory",author of theory textbooks,joined (1962),"Dytynyak (26), ESU, Gnativ (24-25), Mukha (43), Shank (86), Sonevytskyi (39), UME (I: 283), 1968 (22), 1984 (20–21)",-,-
"BUYEVSKY, Borys","Буєвський, Борис",Male,"June 7th, 1935 in Kryvyi Rih, Dnipro oblast, Ukraine",-,Belgium,Belgium,KhNUA (1959) comp with D. Klebanov,DoMS (1959–61),-,joined (1961),"Dytynyak (26), ESU, Gnativ, (23), Grove, Karas, Korniy, Mukha (42–43), Sonevytskyi (38), UME (I: 279), UMW, Vilkova (34), VUE, NUCU website, 1968 (19), 1978 (17), 1984 (18), 2006 (101)",-,-
"CHAIKIN, Mykola","Чайкин, Микола",Male,"February 15th, 1915 in Kharkiv, Ukraine","February 17th, 2000 in Moscow, Russia",-,Russia,"NMAU (1940) pno, comp with V. Kosenko, B. Lyatoshynsky & L. Revutsky","NMAU (1938-51), GMI (1951-64), Gorky Conservatory (1964-?), Minsky Conservatory (1973-78)",director Kyiv War Orchestra,-,"Gnativ (25), Herman (I: 28), Ho (81-82), Mukha (317-18), Shank (88)",-,-
"CHEMBERZHI, Mykhaylo","Чембержі, Михайло",Male,"July 15th, 1944 in Izmail, Odesa oblast, Ukraine","March 5th, 2018 in Kyiv, Ukraine",-,-,"Odesa Music School (1967) acc, Kyiv Institute of Culture (1971) choral cond, DSMA (1987) comp with O. Rudyansky","Music Schools in Izmail & Kyiv (1967-82), director of Music Schools no. 5 & 35 in Kyiv (1982-89), founder of Kyiv Children’s Academy of Arts (1994)",Ministry of Culture (1989-94),joined (date unknown),"Gnativ (25-26), Sonevytsky (40), Vilkova (335-36), VUE, NUCU website",www.chemberzhi.com.ua,-
"CHERNENKO, Volodymyr","Черненко, Володимир",Male,"1972 in Kherson, Ukraine",-,-,-,"Kherson State Music School (1991) pno, KhNUA (1997) comp with I. Kovach, KhNUA (2001) Phd “Meta-Genre as a Cultural Phenomenon: Mystery, Liturgy, Opera”",KhNUA (2014–),for various theater companies in Kharkiv,-,UASP,-,via email 
"DEMCHENKO, Dmytro","Демченко, Дмитро",Male,"March 11th, 1989 in Dnipro, Ukraine",-,-,-,"DAM (2014) classical guitar, jazz, comp with O. Nezhihay, LNMA (2016) comp with O. Manulyak, DAM (2024) Phd with V. Martynyuk & L. Hontova “Composer’s Compositional Interpretation of the “New Sound” Concept in Electroacoustic Music of the Twenty-First Century”",DAM (2021–),Head of graduate students at DAM (2023–2024),"joined (April 4th, 2021)",NUCU Website,https://composerdmytrodemchenko.github.io/website/,via email 
"DENYSENKO, Maryna","Денисенко, Марина",Female,"January 29th, 1962 in Lviv, Ukraine (daughter of Gennadiy Liashenko)","July 15th, 2022 in Kaniv, Cherkasy Oblast, Ukraine",-,-,"GKIM (1980) pno, NMAU (1985) comp with A. Shtoharenko, (1990) assistantship with M. Skoryk, (2006) Phd supervisor I. Kotlyarevsky researching issue of timbre modality",NMAU (1987–2012),"director and pianist Kyiv Youth Theatre (1985–1986), poet",joined (1987),"ESU, Korniy, Morshchakova, Mukha (88), Rozhok, Sonevytskyi (48–49), UME (I: 595), UMW, NUCU website, 2006 (16)",-,via email with daughter Yaryna Denysenko
"DMYTRUK, Oleksandr","Дмитрук, Олександр",Male,"July 2nd, 1967 in Dnipro, Ukraine",-,-,-,"DnMS (1987) theory, KhNUA (1995) comp with V. Drobyazgina","Kharkiv Art School (1991–1994), DnMS (1996–2000)","pno & concertmaster for dance collective in Dnipro (1986), military musician (2000–)",joined (2002),"ESU, Mukha (92), UME (I: 624), NUCU website, 2006 (93)",-,-
"DOMINCHEN, Klymentiy","Доминчен, Климентій",Male,"December 8th, 1907 in Studene, Vinnytsia Oblast, Ukraine","March 6th, 1993 in Kyiv, Ukraine",-,-,"KLMS (1931) cond, comp with V. Zolotarov & B. Lyatoshynsky",LuC (1941) head of music department,conductor of various orchestras most notably Odesa Opera & Ballet (1932–1934) & Ukrainian Radio Symphony Orchestra (1945–1951),"joined (1942), on the board","Dytynyak (47), ESU, Ho (118), Korniy, Kubikovyc (I 718), Mukha (94), Rozhok, Sonevytskyi (50–51), UL, UME (I: 640–41), UMW, Vilkova (92), 1968 (60–61), 1978 (52–53), 1984 (57–59)",-,-
"DONNYK, Larysa","Донник, Лариса",Female,"June 18th, 1938 in Kharkiv, Ukraine","November 21st, 2002 in Kharkiv, Ukraine",-,-,"Kharkiv Engineering Institute (1961), KhNAU (1967) comp with V. Hubarenko",Kharkiv Music School no. 9 (1971-?) music theory & comp,-,joined (1968),"ESU, Mukha (94-95), Sonevystyky (51), UMW, Vilkova (92-93), NUCU website, 2006 (46, 50)",-,-
"DORFMAN, Joseph","Дорфман, Йосеф",Male,"August 3rd, 1940 in Odesa, Ukraine","June 7th, 2006 in Encino, USA",-,Israel (immigrated in 1973 for musical freedom),"ONMA (1965) pno, comp with O. Kogan, GMI (n.d.) comp with A. Litinsky, (1971) Phd “Cyclic Composition in Hindemith’s Chamber Music”","Rubin Academy of Music, TAU (1973) director (1985–) and guest professor at Columbia University, (1979–80), Bar-Ilan University, Frankfurt Hochschule (1984)","director of Young Composers of Odesa, secretary for Israel Composers’ League, founder of Acoustic 7-11, artistic director of International Festival of Jewish Art Music, piano soloist",-,"Gnativ (26), Grove, Ho (118-119), ICL, JMRC, Musicalics, LCP, Nelson, Piirainen, Shank (97)",-,-
"DREMLIUHA, Mykola","Дремлюга, Микола ",Male,"June 15th (July 22 Old Calendar), 1917 in Buturlinovka, Voronezh oblast, Russia","December 18th, 1998 in Kyiv, Ukraine",-,-,"Kyiv Polytechnic Institute (1941) engineering, NMAU (1946) comp with L. Revutsky NMAU (1949)",NMAU (1946-?) history & theory (1978-?) comp,"musicologist of journal articles, editor of collection “Ukrainian piano music”",oined (1944) (on the board),"Dytynyak (48), ESU, Ho (120), Mukha (95-96), Sonevytsky (53-4), UL, UME (I: 655), UMW, Vilkova (94), VUE",-,-
"DUBOVYK, Yevhenii","Дубовик, Євгеній",Male,"May 19th, 1996 in Pryluky, Chernihiv oblast, Ukraine",-,-,-,"Chernihiv Music College (2015) jazz pno, NMAU (2021) comp & electroacoustic music with I. Taranenko & A. Zagaykevych",-,Yevhenii Dubovyk Project (2022–),-,-,-,via email 
"DUDA, Serhiy","Дуда, Сергій",Male,unknown,unknown,-,-,-,KLMS (1888–?) & NMAU (1913–?) bsn,-,-,"Rozhok, Starko",-,-
"DUMA, Lyudmyla","Дума, Людмила",Female,"February 3rd, 1959 in Lviv, Ukraine",-,-,-,"LNMA (1983) comp with V. Flys, (1984) pno, SPSC (1990) comp with S. Slonimsky",-,"LNMA (1985-?), researched music psychology & therapy",joined (1989),"ESU, Gnativ (27), Mukha (98), Shank (99), Sonevytskyi (56), UME (I: 699), NUCU website, 2006 (60)",-,-
"DYCHKO, Lesia","Дичко, Леся",Female,"October 24th, 1939 in Kyiv",-,-,-,"NMAU (1964) comp with L. Dankevych & B. Lyatoshynsky, NMAU (1970) comp with B. Lyatoshynsky, MSC (1972) comp with N. Peiko","Kyiv Pedagogical Institute (1965-66), Kyiv Art Institute (1972-94), NMAU (1993-Present) music history, theory, and comp","head coordinator of All-Ukraine Musicians Union, Jury member of Leontovych Choral Competition, organizing committee for Kyiv-Music Fest, Premieres of the Season, and Zolotoverkhyi Kyiv, jury of World Choral Competition","joined 1968, secretary (1994-?)","Drabyna (37-68), Dytynyak (45-46), ESU, Gnativ (27-28), Grove, Ho (126), IEU, Kubikovyc (I: 773-74), Mukha (91-92), Musicalics, NMU, Shank (99), Sonevytsky (56-57), UASP, UL, UME (619-21), UMW, Vilkova (90-91), VUE, NUCU website, 1968 (54), 1978 (59-60), 1984 (64-66), 2006 (3-5, 7, 16)",-,-
"DYCK, Volodymyr (Vladimir)","Дик, Володимир",Male,"March 19th, 1882 in Odesa, Ukraine","August 5th, 1943 in Auschwitz, Poland (Arrested on June 10th, 1943 at his home alongside his wife and daughter. Deported to Auschwitz on July 31st, 1943) ",-,France (became citizen in 1910),Paris Conservatory (1900-?) comp with C.M. Widor,-,"comp, private pno teacher",-,"IEMJ, Musicalics, WRP",-,-
"EREMENKO, Serge","Яременко, Сергій",Male,"October 10th, 1912 in Staro-kozache, Besarabiya [Modern: Odesa oblast], Ukraine","November 19th, 1997 in Edmonton, Canada",-,Canada (moved in 1925) - Captured as a political prisoner during WWII and sent to the Netherlands prior to moving to Canada.,"Chernivsky Conservatory (1941) vln, comp with D. Onchul",Akkerman [Modern: Belgorod-Dniester] Music School (1941–?),"musician in Holland Symphony Orchestra (1944–52), choir conductor, one of the founders of the Ukrainian Music Society of Alberta",-,"CE, Dmytryk, Dytynyak (157), ESU, Gnativ (16), Karas, Mukha (343–44), Shank (59), UASP. UMW, Vilkova (357)",-,-
"FAINTUKH, Yakiv","Фаинтух, Яків",Male,"October 20th, 1892 in Berdychiv, Zhytomir oblast, Ukraine","July 23rd, 1974 in Odesa, Ukraine",-,-,"ONMA (1930) comp with V. Zolotarov & P. Molchanov, (1933) radio-communication",ONMA (1935–41),"Army (1914–17 & 1919–22), Odesa theatre ensembles (1933–37), Samarkanda Theatre (1941–45)","joined (date unknown), secretary of Odesa branch (1932–41 & 1945–52)","Dytynyak (141), Mukha (304), Sonevytskyi (59–60), UMW, 1968 (221–22)",-,-
"FANDEEV, Kirill","Фандеев, Кирилл",Male,"April 22nd, 1982 in Donetsk, Ukraine",-,-,-,"Donetsk Music School no. 3 (now no. 7) (1997) comp with V. Stetsenko & M. Shukh, DSMA (2001) vln, DSMA (2007) & (2012) comp with S. Mamonov",-,editor,joined (2009),"UMW, Vilkova (317-18), NUCU website",https://fandeev.musicaneo.com/about.html,via email
"FEDKO, Herman","Федько, Герман",Male,"December 20th, 2004 in Kharkiv, Ukraine",-,-,-,NMAU (2022–) comp with I. Shcherbakov,-,-,-,-,-,via email 
"FIALA, George","Фіяла, Юрій",Male,"March 31st, 1922 in Kyiv, Ukraine to musical family (parents were pianists)","January 6th, 2017 in Montréal, Canada",-,Canada (moved in 1949),"NMAU (1939–41)26 pno, comp with L. Revutsky, B. Lyatoshynsky & A. Olkhovsky, Berlin Music Academy (1945) Phd with H. Dombrowski “The Problems of Symphonic Composition in Soviet Russia”, Brussels Royal Music Conservatory (1946–1949) comp with L. Jorgen",-,"Announcer & Producer at CBC-Radio Canada International (1967–87), pno/org, cond",-,"Baley, Biernel, CE, Dytynyak (144–145), Gnativ (29–30), Grove, Herman (I: 41–42), Ho (143–144), IEU, Karas, Korniy, Kubikovyc (I: 881), LCP, Mukha (305–306), Musicalics, Shank (105–06), Sonevytskyi (61–63), UDC, UMW, Vilkova (321–22), 2006 (105)",-,-
"FICHER, Jacobo","Фишер, Яков",Male,"January 15th,1896 in Odesa, Ukraine to a musical family (father trombonist Odesa Philharmonic Orchestra)","September 9th, 1978 in Buenos Aires, Argentina",-,Argentina (moved in 1923),"SPSC (1917) vln, comp with V. Kalafati, M. Steinberg, N. Tcherepnin, & N. Sokolo","Asociación General de Músicos de la Argentina (1943–1956), Escuela Superior de Música de la Universidad de La Plata (1956–1958), Buenos Aires National Conservatory (1958-?)","concertmaster of Imperial Opera Orchestra (1919), musician at silent movies in Buenos Aires, conductor of various orchestras in Argentina, founder of Grupo Renovación (1929), founder of Argentinian Composer’s League (1947), musical advisor for Fondo Nacional de las Artes (1958)",-,"Ewen (92–93), Grove, Ho (148), Library of Congress, Musicalics, Shank (108), Slonimsky (II: 402)",-,-
"FIL, Marian","Філь, Мар'ян",Male,"August 24th, 2000 in Lviv, Ukraine",-,-,-,"Drohobych State Music College (2019) acc, LNMA (2023) comp with B. Frolyak, (2023–)",-,-,-,UCMF. UL,-,via email 
"FROLYAK, Bohdana","Фроляк, Богдана",Female,"May 5th, 1968 in Vydyniv, Ivano-Frankivsk Oblast, Ukraine (sister Hanna Havrylets)",-,-,-,LNMA (1991) comp with V. Flys & M. Skoryk,LNMA (1991–),-,joined (1995),"Gnativ (30–31), Karas, Korniy, Mukha (311), NMU, UL, UMW, Vilkova (324), VUE, NUCU website, 2006 (64)",-,via email 
"GLIÈRE, Reinhold","Глієр, Рейнголдь",Male,"January 11th, 1875 in Kyiv, Ukraine","June 23rd, 1956 in Moscow, Russia",-,Russia,"KLMS (1894), MSC (1900) vln, comp with A. Arsenky, M. Ippolitov-Ivanov, G. Konyus, and S. Tanneyev, studies in Berlin (1905–07)","Director of NMAU (1914–1920), MSC (1920–1941)","Director of Soviet Composers Association (1938–1948), cond, pno, folklorist",-,"Baley, Belza, Bohdanova-Berezovska, Hakobian, Gnativ (31–32), Grove, Herman (I: 63–67), Ho (174–175), IEU, Karas, Korniy, Kubikovyc (II: 62), Moisenko, Mukha (67–68), Musicalics, Olkhovsky, Petrova, Piirainen, Rozhok, Schwarz, Shank (114–15), Slonimsky (II: 594–95),  UME (I: 468), Vilkova (63), Vodarsky (48–49), VUE, WRP",-,-
"GOMELSKAYA, Julia","Гомельська, Юлія",Female,"March 11th, 1964 in Saratov, Russia","December 4th, 2016 in Odesa, Ukraine",-,-,"ONMA (1990) comp with A. Krasotov, Guildhall School of Music and Drama (1995), University of London (1996) Phd with R. Saxton",ONMA (1991–2016),-,joined (1995),"ESU, Gnativ (32–33), Karas, Korniy, LCP, Musicalics, NMU, Shank (116–17), UME (I: 493–94), Vilkova (68), VUE, NUCU website, 2006 (79–80)",https://web.archive.org/web/20111005095838/http://www.juliagomelskaya.org.ua,-
"GONCHARENKO, Viktor","Гончаренко, Віктор",Male,"April 29, 1959 in Dnipro, Ukraine",-,-,-,"Dnipro Music College (1997) choral cond, NMAU (1983) organ, comp with V. Kyreiko",-,"music editor for «Muzychna Ukraina» publishing house (1983-94), music editor for Music Information Center at NUCU (1994-95), research fellow at Ukrainian Center for Cultural Research (1995-99), editor at SAN Publishing house (1997-1999), editor at Kareta Publishing (2001-2006), web programming specialist (2006-2025)",joined (1988),"ESU, Gnativ (37-38), Mukha (73), Shank (117), Sonevytsky (80-81), UME (I: 496), UMW, NUCU website, 2006 (13-14)",-,via email
"GONOBOLIN, Aleksandr","Гоноболін, Олександр",Male,"November 27th, 1953 in Medvedevo, Russia",-,"Rouen, France (2022-)",France,NMAU (1978) comp with O. Parkhomenko,Sukhum College,"concertmaster State Symphony Orchestra of Abkhazia, vln with various orchestras Sukhum, Kherson & Mykolaiv, cond Mykolaiv Chamber Orchestra “Capriccio” (renamed “ARS-NOVA Chamber Orchestra”), board member of Kherson Community Foundation “Zakhyst”",joined (2017),"ESU, UL, UMW, NUCU website",https://gonobolin.pp.ua,-
"GRINBERG, Alexander","Ґрінберґ, Олександр ",Male,"March 2nd, 1961 in Kharkiv, Ukraine",-,Germany,Germany (moved in 2023),"Kharkiv Music College (1980), KhNUA (1985) comp with I. Kovach","Kharkiv Music School (1987-95) comp, theory & history, Kharkiv Music College (1987-94 & 2000-03) , KhNUA (1994-2003) comp, theory, Folkwang Universitat der Kunste in Essen (2005-06) musicology, Marina Kheifets Mussikschule Subito und Akademie in Dusseldorf (2008-?)",-,joined (date unknown),"ESU, Grove, LCP, Sonevytsky (83), UME (I: 571), NUCU website",-,-
"GUBANOV, Yakov","Губанов, Яков",Male,"January 8th, 1954 in Kyiv, Ukraine","March 21st, 2025 in Vienna, Austria",-,"Austria (2023–25), Italy (2014–23), USA (2002–14), Germany (1992–2002)","NMAU (1973) comp with A. Shtoharenko, MSC (1976) comp with A. Pirumov, (1983) Phd music theory; Private studies: comp with D. Shostakovich ","NMAU (1979–92) associate professor in theory department, Franz Liszt Hochschule fur Musik (Weimar) guest professor (1992–93), Berklee University (2002–14) comp professor",Harvard Film Archive composer-in-residence (1998–2014),joined (1979),"ESU, Karas, Korniy, Mukha (80-81), Rozhok, Shank (127), Sonevytskyi (87), UME (I: 546-47), UMW, Vilkova (77), NUCU website, 1984 (49–50), 2006 (15)",https://www.yakovgubanov.com/,via email 
"GUGEL, Aleksandr","Гугель, Олександр",Male,"January 24th, 1961 in Vilnius, Lithuania",-,-,-,KhNUA (1991) comp with V. Bibik,Music Schools in Kharkiv (1986-),flute in regimental orchestra (1984-6),joined (1989),"ESU, Gnativ (41), Grove, Mukha (82), Sonevytsky (89), NUCU website, 2006 (49)",-,-
"GUSYEV, Yuriy","Гусєв, Юрій",Male,"January 31st, 1959 in Kursk, Russia","December 18th, 2016 in Kharkiv, Ukraine",-,-,"KhNUA (1992) history/theory, (1996) comp with V. Drobyazhina",Music Studio at Kharkiv Gymnasium & Artist Orchestra of Kharkiv Air Force University (1994–),Artist for Kharkiv Association of Musical Ensembles (1991–93),joined (1999),"ESU, Mukha (84), UME (I: 559), NUCU website, 2006 (49–50)",-,via email with wife Iryna Guseyev 
"HAIDENKO, Igor","Гайденко, Ігор",Male,"January 11th, 1961 in  Khorosheve, Kharkiv oblast, Ukraine",-,-,-,KhNUA (1985) pno; KhNUA (1990) comp with V. Zolotukhin; SPSC (1993) comp with N. Slonimsky; (2006) PhD,KhNUA (1988–),-,joined (1992),"ESU, Mukha (63), Sonevytskyi (71), UME (I: 433), NUCU website, 2006 (48–9)",-,Via email
"HAVRYLETS, Hanna","Гаврилець, Ганна",Female,"April 11th, 1958 in Vydyniv, Ivano-Frankivsk oblast, Ukraine (sister Bohdana Frolyak)","February 27th, 2022 in Kyiv, Ukraine",-,-,LNMA (1982) comp with V. Flys; NMAU (1984) comp with M. Skoryk; Private studies: comp with A. Nikodemich (1975–77),NMAU (1992–2022),-,"joined (1985), consultant (1984–92), head of Kyiv branch (1999–2010)","ESU, Gnativ (35), Grove, Karas, Korniy, Mukha (60–61), Musicalics, NMU, Rozhok, Shank (111–12), Sonevytskyi (73–74), UCMF, UL, UME (I: 425–26), UMW, Vilkova (53–54), VUE, NUCU website, 2006 (12)",-,via email with husband Dmytro Gavrylets 
"HERASYMENKO, Oksana","Герасименко, Оксана",Female,"June 2nd, 1959 in Lviv, Ukraine from a musical family (daughter of bandurist Vasyl Herasymenko)",,-,-,"LNMA (1982) bandura, (2005) comp with M. Skoryk",LNMA (1991-) bandura,"music supervisor for Especialista de Musica in Cuba (1983-89), bandurist in Lvivianky Trio (1974-82) touring internationally such as Moldova, Poland, Vietnam and Japan; solo and chamber bandurist (1985-) for various concerts and groups internationally, editor of bandura repertoire collections",joined (2006),"ESU, Gnativ (35-36), UASP, UME (I: 450-51), UMW, Vilkova (60), VUE, NUCU website, 2006 (59)",-,via email
"HNATOVSKA, Olena","Гнатовська, Олена",Female,"March 10th, 1949 in Orel, Russia","November 2007 in Kharkiv, Ukraine",-,-,"KhNUA (1974) pno, (1979) comp with D. Klebanov, NMAU (1986) comp with Y. Ishchenko",KhNUA (1979–?) pno,jury member of children’s festivals,joined (1994),"ESU, Mukha (69), Sonevytskyi (77), UMW, NUCU website, 2006 (49)",-,-
"HODZIATSKY, Vitaliy","Годзяцький, Віталій",Male,"December 26th, 1936 in Kyiv, Ukraine",-,-,-,NMAU (1961) comp with B. Lyatoshynsky,"Vinnytsia music school (1961–63) & music schools in Kyiv (1963–74, 1982–)",music director ensembles for Dovzhenko Cinema in Kyiv (1975–82),"(1969–70, 1973–) Briefly for a couple years he was not a member due to a little scandal at the official meeting that was provoked by Ihor Blazhkov, which Hodziatsky joined in on. ","Dytynyak (39), ESU, Gnativ (36–37), Grove, Lunyna (377–430), Karas, Korniy, Mukha (69–70), Musicalics, NMU, Rozhok, Schwarz, Shank (115), Sonevytskyi (78–79), UCMF, UME (I: 483–84), UMW, Vilkova (65), Zagaykevych (154, 157–159),  NUCU website, 1978 (33), 1984 (38–39), 2006 (13)",-,-
"HOMOLYAKA, Vadym"," Гомоляка, Вадим",Male,"October 17th, 1914 in Kyiv, Ukraine","May 7th, 1980 in Kyiv, Ukraine",-,-,"NMAU (1939–41) history/theory, Tashkent Conservatory (1941–42), NMAU (1946) comp with L. Revutsky",NMAU (1946–48),head of Muzfond Ukraine (1958–76),joined (date unknown) secretary (1951–56),"Dytynyak (40), ESU, Gnativ (37), Ho (187), Karas, Korniy, Kubikovyc (II: 215), Mukha (72–73), Musicalics, Piirainen, Shank (117), Sonevytskyi (79–80), UME (I: 495), UMW, Vilkova (68), VUE, 1968 (35–36), 1978 (34–35)",-,-
"HOZENPUD, Matviy","Гозенпуд, Матвій",Male,"May 21st, 1903 in Kyiv, Ukraine","February 17th, 1961 in Novosybirsk, Russia",-,Russia,"NMAU (?) pno, comp with R. Gliere","NMAU (1921-49) pno & comp, Alma-Ata Conservatory (1951-53), Novosibirsk Conservatory (1953-61) head of pno department",-,joined (1951),"Dytynyak (39-40), ESU, Gnativ (39), Mukha (70-71), Shank (118-19), Sonevytsky (81-82), UMW, Vilkova (65)",-,-
"HRABOVSKY, Leonid","Грабовський, Леонід",Male,"January 28th, 1935 in Kyiv",-,"New Jersey, USA",USA (moved in 1990),"KU (1956) economics, NMAU (1959) comp with L. Revutsky* & B. Lyatoshynsky, (1962) *Only studied for one year from 1955-56 with Revutsky. The rest of his studies was with Lyatoshynsky.",NMAU (1961–1963 & 1966–1968),"editor for Soviet Muzyka magazine in Moscow (1987–1990), composer-in-residence Ukrainian Institute of America in New York (1990–1994), church organist in America (1990s)",joined (1961),"Baley, Dytynyak (40), ESU, Gnativ (39), Grove, Ho (190–191), IEU, Karas, Korniy, Kubikovyc (II: 237), Lunyna (431–498), Mukha (75–76), Musicalics, NMU, Novytska, Piirainen, Schwarz, Shank (119), Shchetynsky, Slonimsky (II: 640), Sonevytskyi (82–83), Tsenova (84–97), UCMF, UME (I: 515–17), UMW, Vilkova (72–73), VUE, Zagaykevych (154–156), NUCU website, 1968 (43–44), 1978 (39–40), 2006 (102)",http://www.leonidhrabovsky.com/index.html,via email 
"HROMADSKY, Ihor",Громадський Ігор,Male,"January 6th, 1976 in Trostyanets, Vinnytsia oblast, Ukraine",-,-,-,"Academy of New Composition and Audio Art (1999) comp with B. Schaeffer & M. Kolonevsky, NMAU (2000) comp with Y. Lapinsky & L. Kolodub, (2004) comp with T. Kuznetsov",-,-,joined (2000),"ESU, Mukha (79), NUCU website, 2006 (15)",-,-
"HRZHYBOVSKY, Mykola","Гржибовський, Микола",Male,"December 18th, 1908 in Odesa, Ukraine","August 9th, 1987 in Odesa, Ukraine",-,-,"Odessa Marine Institute (1935) engineering, ONMA (1946) comp with S. Orfeev & K. Dankevych",-,"ship repair engineer (1935–36), director of repair plant (1936–48), director of “Black Sea Project” (1966–?)",joined (date unknown) secretary of Odesa branch (1962–67),"Dytynyak (40–41), ESU, Mukha (77), Sonevytskyi (85), UASP, UME (I: 524) 1968 (45–46), 1978 (40–41), 1984 (44–45)",-,-
"HUBA, Volodymyr","Губа, Володимир",Male,"December 22nd, 1938 in Kyiv, Ukraine","December 2nd, 2020 in Kyiv, Ukraine",-,-,"NMAU (1957)* pno, comp with B. Lyatoshynsky (1979) comp with A. Shtoharenko *His studies were initially interrupted in 1957 due to his modernist view on music. He later returned and graduated in 1979. ",music schools in Kyiv,"music editor for Ukrainian Radio and Television, filmmaker, poet",joined (1977),"Baley, Beebe (33), Dytynyak (42), ESU, Gnativ (39–40), Grove, Ho (195–196), Karas, Korniy, Mukha (80), Musicalics, NMU, Rozhok, Shank (121), Sonevytskyi (86–87), UASP, UCMF, UME (I: 545–46), UMW, Vilkova (76), VUE, NUCU website, 1984 (47–49), 2006 (15)",-,-
"HUBARENKO, Iryna","Губаренко, Ірина ",Female,"June 30, 1959 in Kharkiv, Ukraine (musical family: father Vitaliy Hubarenko; mother Maryna-Cherkashyna-Hubarenko)","October 10, 2004 in Kharkiv, Ukraine",-,-,"Kharkiv Music School (1979), KhNUA (1984) comp with V. Zolotukhin, NMAU (2004) working on PhD thesis when passed away “Director’s Concepts of the Twentieth Century in the Light of Analytical Psychology”",-,"Kharkiv Young Spectator Theatre (1984-?) head of music department, founder of collective “Poor Theatre” (1987), poet",-,"UME (I: 548-9), UMW",-,-
"HUBARENKO, Vitaliy","Губаренко, Віталій",Male,"June 13th, 1934 in Kharkiv, Ukraine","May 5th, 2000 in Kyiv, Ukraine",-,-,KhNUA (1960) comp with D. Klebanov,"Kharkiv Children's Music School (1958–60), KhNUA (1961–72)",music editor Kharkiv Radio (1960–?),"joined (1961), on the board","Baley (The 20th Century), Drabyna (26–36) Dytynyak (42), ESU, Gnativ (39–40), Grove, Herman (I: 78–79), Ho (197), IEU, Korniy, Kubikovyc (II: 262), Mukha (81–82), Musicalics, Rozhok, Schwarz, Shank (122), Sonevytskyi (88), UASP, UME (547–48), UMW, Vilkova (77–78), VUE, NUCU website, 1968 (47), 1978 (43–44), 1984 (50–51)",-,-
"HUMENIUK, Illia","Гуменюк, Ілля",Male,"March 21st, 2000",-,"Tallinn, Estonia",Estonia,"Mykolaiv College of Musical Arts (2019) cond, comp with S. Kumysh, Estonian Academy of Music and Theatre (2024) Bachelor in cond, comp with T. Kõrvits, (2024–) Master in cond",-,"cond of Mixed Choir of Tuljak (2024–), Mixed choir Wannamoisa (2023–), Chambers Choir Avis Animi (2024), Mixed Choir of the Rocca al Mare School (2023–24), Mixed Choir HUIK! (2023), Womens Choir Virvik (2022–23), Metropolitan Choir of the Cathedral in Ukraine (2020–21), composer-in-residence of Kraziai College (2024), Spectacle Lohe linna all (2022), Orthodox Singers (2022–23), singer with various choirs in Ukraine and Estonia such as Collegium Musicale (2023), EMTA Choir (2021–) and Orthodox Singers (2020–)",-,-,https://www.illiahumeniuk.com,via email 
"HURINA, Anna","Гуріна, Анна",Female,"April 23rd, 2003 in Cherkasy, Ukraine",-,-,-,"LNMA (2022-) voice, comp with O. Manulyak, Cherkasy Miusic College (2018-22) pno, comp with Y. Marchuk",-,-,-,UL,-,via email
"ISHCHENKO, Yuriy","Іщенко, Юрій",Male,"May 5th, 1938 in Kherson, Ukraine","May 15th, 2021 in Kyiv, Ukraine",-,-,"NMAU (1960) comp with A. Shtoharenko, (1964), (1977) Phd “The Dramatic use of Timbre in the Symphonies of Lyatoshynsky”",NMAU (1962–2021),-,joined (1963),"Dytynyak (57–58), ESU, Gnativ (41–42), Grove, Ho (217), Lunyna (347–376), Korniy, Mukha (120–121), Musicalics, Piirainen, Rozhok, Shank (128), Sonevytskyi (101–102), UASP, UL, UME (II: 264–66), UMW, Vilkova (116–17), VUE, NUCU website, 1968 (90), 1978 (80–81), 1984 (91–93), 2006 (21)",-,"via email with daughter, Nadiya Shcherbakov & former student, Alex Voytenko "
"JACOBCHUK, Alexander","Яковчук, Олександр",Male,"May 21st, 1952 in Cherche, Khmelnytskyi Oblast, Ukraine",-,"Etobicoke, Canada",Canada,NMAU (1976) comp with A. Kolomiets,NMAU (2009–25),"editor for Ukrainian State Radio Company (1976–79), director of Kyiv Youth Theatre (1979–83), composer-in-residence for Opera House in Novi Sad, Yugoslavia (1990–92), folklorist collecting folk songs",joined (1978),"N. Jacobchuk, Karas, Korniy, Kushniruk, Mukha (341–342), Rozhok, Shank (295), Sonevytskyi (90–91), UASP, UMW, Vilkova (353–55), NUCU website, 1984 (273–274), 2006 (105)",https://www.jacobchuk.com/,via email and in person
"KAFAROVA (Rozova), Veronika","Кафарова (Розова), Вероніка",Female,"January 13th, 1953 in Dnipro, Ukraine",-,-,-,KhNUA (1978) comp with V. Borysov,DnMS no. 19 (1978–2001),"cond Dnipro association of music ensembles (1980-86), artistic director of Rossini choir (2003–?)",joined (1984),"ESU, Mukha (130), Shank (135), Sonevytskyi (106), 1984 (195), UME (II: 342), NUCU website, 2006 (95)",-,-
"KALLOS, Sandor","Каллош, Шандор",Male,"October 23rd, 1935 Chernivtsi, Ukraine",-,-,Russia,"LNMA (1961) comp with A. Soltys, GMI (1964) comp with Y. Shaporin",-,"vln in various orchestras in Ukraine (1954-63), lute (1971-), cond (1975-), vln with Moscow Philharmonia (1975-)",-,"Gnativ (42-43), Grove, Mukha (123), Shank (136)",-,-
"KAMINSKY, Viktor","Камінський, Віктор",Male,"April 8th, 1953 in Nyvra, Ternopil Oblast, Ukraine",-,-,-,"LNMA (1977) comp with V. Flys, MSC (1983) comp with T. Khrennikov",LNMA (1999-) pro-rector (2002),Author of textbook: Elektronna ta komp’yuterna muzyka (Electronic and Computer Music) (2001),"joined (1979), head of Lviv branch (2020–)","ESU, Gnativ (43), Karas, Korniy, Mukha (124–125), Sonevytskyi (108), UL, UME (II: 299), UMW, Zagaykevych (163), Vilkova (121–22), VUE, NUCU website, 1978 (235), 1984 (97–98), 2006 (60)",-,via email 
"KANERSHTEIN, Oleksandr","Канерштейн, Олександр",Male,"June 13th, 1933 in Kyiv, Ukraine","December 24th, 2006 in Kyiv, Ukraine",-,-,"NMAU (1955) comp with B. Lyatoshynsky, (1956) pno","GKIM (1957–?), pno soloist with Lviv Philharmonic",-,joined (1961),"Dytynyak (59), ESU, Ho (236), Rozhok, Sonevytskyi (108-109), UL, UME (II: 311), UMW, Vilkova (122), 1968 (93), 1978 (84), 1984 (98–99), 2006 (21)",-,-
"KARMAZIN, Anton","Кармазін, Антон",Male,"June 6th, 1982 in Baryshivtsi, Kyiv oblast, Ukraine",-,-,-,"NMAU (2007) comp with B. Stronko, KU (2006), (2021) Phd “National History of Artistic Images as the Essence of Composer’s Creativity of Mykhailo Verykivsky”",-,"Museum of Theatre (2017–), Music & Cinema of Ukraine (2017–)",joined (2006),NUCU Website,-,via email
"KARNAK, Andriy","Карнак, Андрій",Male,"June 11th, 1968 in Vasylivka, Zaporizhia oblast, Ukraine","December 18th, 2020 in Kyiv, Ukraine",-,-,"DSMA (1995) comp with S. Mamonov, NMAU (1998) comp with I. Kotlyarevsky, (2001) Phd",KU (2000–2020) sound recording (2002–2003) department head,-,joined (2003),"ESU, Mukha (128–129), UME (II: 334), UMW, Vilkova (126), NUCU website, 2006 (21–22)",www.akarnak.wixsite.com,via email with wife Olha Karnak
"KARABITS, Ivan","Карабиць, Іван",Male,"January 17th, 1945 in Yalta, Donetsk oblast","January 20th, 2002 in Kyiv",-,-,"Artemvisk Music College (1963), NMAU (1971) comp with B. Lyatoshynsky & M. Skoryk",NMAU (1983-2002) comp,"conductor Song & Dance Ensemble in Kyiv (1968-75), founder & director Kyiv Music Fest (1990-2001), music director Kyiv Camerata (1994-2000), music advisor Ministry of Culture of Ukraine, chairman of jury of Horowitz International Piano Competition (1995-2002), member of National Commission on Cultural Affairs under UNESCO",joined (1972),"Baley, Dytynyak (59-60), ESU, Gnativ (44), Grove, IEU, Mukha (126-27), Kubikovyc (II: 419), NMU, Shank (140), Sonevytsky (109-110), UASP, UL, UME (II: 325-27), UMW, Vilkova (122-23), VUE, NUCU website, 1978 (85-86), 1984 (100-01)",https://www.karabits.com/en/,via email with daughter Ivanka Karabits
"KASHYRTSEV, Ruslan","Каширцев, Руслан",Male,"November 9th, 1990 in Kharkiv, Ukraine",-,-,-,"KhNUA (2014) cl, (2016) comp with V. Drobiazgina, (2022) Phd “Interpretative Potential of Timbre and Texture in Orchestral Works of Composers of the First Half of the 20th Century” supervisor M. Borysenko",KhNUA (2020–),"has played cl with various ensembles such as Kharkiv National Opera & Ballet, Kharkiv Philharmonic",-,-,-,via email
"KHAZOVA, Hanna","Хазова, Ганна",Female,"July 4th, 1975 in Zaporizhia, Ukraine",-,-,-,"DSMA (1999) comp with O. Rudyansky, K. Szymanowski Music Academy in Katowice (2004) comp with A. Lason",Zaporizhia Music College (1998-2022) music theory,,joined (2003),NUCU website,-,via email 
"KHUTORIANSKY, Ihor","Хуторянський, Ігор ",Male,"December 21st, 1924 in Nemyriv, Vinnytsia oblast, Ukraine","January 13th, 1984 in Kyiv, Ukraine",-,-,"Sverdlovsk Conservatory (?) comp with V. Trambitskyi, NMAU (1955) Kyiv Conservatory comp with L. Revutsky",Lysenko Music School in Kyiv (1957-67),senior editor for Muzychna Ukraina (1967-?),joined (date unknown),"Mukha (315), Sonevytsky (114), UMW",-,-
"KIKTA, Valeri","Кікта, Валерій",Male,"October 22nd, 1941 in Volodymyrivka, Donetsk oblast, Ukraine",-,Russia,Russia,"Moscow School of Choral Music (1960) comp with A. Sveshnikov, MSC (1965) comp with S. Bogatyrov & T. Khrennikov (1967) comp with T. Khrennikov",MSC (1991–),"editor for Soviet Composers in Moscow (1967–1993), director of Russian Harp Society, secretary for Union of Composers of Russia (2006–)",-,"Baley, ESU, Grove, Herman (II: 32–33), Ho (259–260), Karas, Mukha (135–136), Musicalics, Shank (151), Sonevytskyi (115), UME (II: 414), UMW, Vilkova (132–33)",-,-
"KITSENKO (KYTSENKO), Dmitry (Dmytro)"," Киценко, Дмитро",Male,"July 24th, 1950 in Bila Tserkva, Kyiv Oblast, Ukraine",-,"Newmarket, Canada",Canada (moved in 2010),"Chisinau Institute of Arts in Moldova (1973) acc, (1977) comp with S. Lobel, Bucharest Academy of Music (1992) comp with T. Olah","Chisinau Institute of Arts in Moldova (1977–1982), Chisinau Conservatory (1990–2002), GKIM (2002–2004)",editor for Muzychna Ukraina (2005–2010),joined (2003) (prior member of Union of Soviet Composers (1979–1990),"ESU, Grove, Mukha (134), UME (II: 409–10), NUCU website, 2006 (23)",https://dkitsenko.wixsite.com/dmitry-kitsenko,via email 
"KLEBANOV, Dmytro","Клебанов, Дмитро",Male,"July 25th, 1907 in Kharkiv, Ukraine","June 6th, 1987 in Kharkiv, Ukraine",-,-,KhNUA (1926) comp with S. Bogatyrov,"KhNUA(1934–?) theory, (1944–?) comp, (1970–?) head of department","violist in Leningrad opera and ballet orchestra (1927–28), conductor of Kharkiv radio symphony orchestra (1927–28), author of “Art of Instrumentation” textbook","joined (1932), head of Kharkiv branch (1948–49)","Dytynyak (63), ESU, Grove, Herman (II: 33–34), Ho (261–62), IEU, Karas, Korniy, Kubikovyc (II: 563–64), Mukha (136), Olkhovsky, Piirainen, Rozhok, Shank (152–53), Sonevytsky (116–117), Slonimsky (III: 497), UASP, UL, UME (II: 425–26), UMW, Vilkova (134), VUE, Zolotovytska, NUCU website (blank), 1968 (100–01), 1978 (90–92), 1984 (107–09)",-,-
"KLEIN, Anton","Клейн, Антон",Male,"July 3rd, 1979 in Voroshilovhrad, Luhansk oblast, Ukraine",-,-,-,DSMA (2003) comp with S. Mamonov,LuC (2003–),"music manager for Luhansk Ukrainian Music Theatre (2003–09), cl for Luhansk Symphony Orchestra (2010–)",joined (2003),"ESU, 2006 (91)",-,-
"KLIN, Viktor","Клин, Віктор",Male,"November 5th, 1936 in Dnipro, Ukraine","March 13th, 2006 in Kyiv, Ukraine",-,-,"Saratov Conservatory (1960) pno, NMAU (1964), (1971), (1982) Phd","KU (1979-2002) pno & head of pno department, Pereiaslav University (2003-06) head of pno department","soloist with Sochi Philharmonic (1960-62), musicology research assistant at Ukrainian Academy of Arts and Sciences (1966-79), author of musicology articles",joined (1973),"Dytynyak (64), ESU, Mukha (137-38), Sonevytsky (81-82), UMW, Vilkova (135), 1978 (92-93), 1984 (110-11)",-,-
"KOLOBKOV, Serhiy","Колобков, Сергій",Male,"January 15th, 1947 in Kharkiv, Ukraine","January 17th, 2005 in Kharkiv, Ukraine",-,-,"KhNUA (1970) pno, (1973) comp with D. Klebanov (1990) MSC (1990) chamber music, comp with G. Litinsky, (1994) Phd",KhNUA (1970–?) chamber ensembles,Radio host for “Radio Masters” in Kharkiv (1994–95),joined (1974,"Dytynyak (68), ESU, Mukha (145), Sonevytskyi (121), UMW, Vilkova (140–41), 1978 (97), 1984 (115–16)",-,-
"KOLODUB, Levko","Колодуб, Левко",Male,"May 1st, 1930 in Kyiv, Ukraine (married to Zhanna Kolodub)","November 15th, 1992 in Kyiv, Ukraine",-,-,"KhNUA (1954) cl, comp with M. Tits","Kyiv State Theatre Institute (1958–60), NMAU (1966–?) head of department of music & technology (1997–2002)","sound-engineer for Kyiv Radio (1956–58), director of Muzfond (1988–94), head of the Association of Wind Musicians branch in the All-Ukraine Music Union (1985–?), music editor","joined (1959), head of Kyiv branch (1994–99)","Baley, Bila, Dytynyak (68–69), ESU, Grove, Ho (269), Herman (II: 36), Karas, Korniy, Kubikovyc (II: 588), Mukha (146–147), Piirainen, Rozhok, Schwarz, Shank (156), Sonevytskyi (121–122), UASP, UL, UME (II: 500–02), UMW, Vilkova (141–42), VUE, NUCU website, 1968 (111–112), 1978 (99–101), 1984 (118–120), 2006 (23–24)",-,via email with daughter Oksana Kolodub
"KOLODUB, Zhanna","Колодуб, Жанна",Female,"January 1st, 1930 in Vinnytsia, Ukraine (married to Levko Kolodub)",-,-,-,NMAU (1954) pno; Private studies: comp with B. Lyatoshynsky & L. Kolodub,NMAU (1964–?) pno,"accompanist at NMAU (1952-?), editor at Muzychna Ukraina",joined (1967),"Dytynyak (68), ESU, Ho (269), Gnativ (44–45), Korniy, Kubikovyc (II:  588), Mukha (145–146), Musicalics, Rozhok, Sonevytskyi (122–123), UME (498–500), UMW, Vilkova (141), NUCU website, 1968 (110), 1978 (98–99), 1984 (117–118), 2006 (23)",-,via email with daughter Oksana Kolodub
"KOLOMIETS, Anatoliy","Коломієць, Антолій",Male,"October 3rd, 1918 in Savyntsi, Kharkiv Oblast, Ukraine","April 19th, 1997 in Kyiv, Ukraine",-,-,"NMAU (1941) comp with L. Revutsky, Tashkent Conservatory (1943)45, NMAU (1951), (1958) Phd “The Most Important Additional Episodes in the New Edition of Lysenko’s Opera Taras Bulba”",NMAU (1951–?),concertmaster of Ukraine Dramatic Theatre Orchestra in Tashkent (1943–45) and music editor,joined (1942),"Dytynyak (69), ESU, Ho (270), Karas, Korniy, Mukha (147–148), Rozhok, Sonevytskyi (123–124), UASP, UME (II: 505–06), UMW, Vilkova (142), VUE, 1968 (113–114), 1978 (101–102), 1984 (120–122)",-,-
"KOLOMIETS, Maxim","Коломієць, Максим",Male,"March 5th, 1981 in Kyiv, Ukraine",-,Germany,Germany,"KLMS (1999) ob, comp with A. Zagaykevych, NMAU (2005) ob, (2009) comp with M. Kovalinas, Hochschule für Musik und Tanz Köln in Germany (2016) comp with J. Schöllhorn",-,"co-founder of Ensemble Nostri Temporis (2007) & Luna Ensemble (2014), curator for “Gogolfest” (2017), ob with Ukho Ensemble (2015) & Kyiv Symphony Orchestra (2018)",-,"Gnativ (46), Rozhok, UCMF, UL, UMW",https://maximkolomiiets.com/,via email 
"KOMLIKOVA, Anastasiya","Комлікова, Анастасія",Female,"January 8th, 1984 in Donetsk, Ukraine",-,-,-,"NMAU (2009) comp with L. Kolodub and G. Liashenko, (2016) Phd",-,"organizer of festivals “Music Imprezas of Ukraine” and “Kyiv Music Premieres”, director of folk ensemble “Kalyna”",joined (2011),"ESU, Rozhok, NUCU website",http://www.komlikova.com/,via email 
"KORCHINSKYI, Myroslav","Корчинський, Мирослав",Male,"July 1st, 1941 in Krushelnytsia, Lviv oblast","October 6th, 2021 in Lviv (according to family sources have the wrong date as October 7th)",-,-,"LNMA (1965) acc, (1969) comp with M. Skoryk & S. Lyudkevych","Lviv Cultural and Educational College (1965-68), LNMA (1968-?) folk instruments (head 1994), comp, cond, organized the first orchestra of Ukrainian folk instruments in music education",,"joined 1973, head of Lviv branch (1995-2001)","Dytynyak (70-71), ESU, Gnativ (46-47), Mukha (150), Shank (158), Sonevytsky (126), UASP, UL, UME (II: 556-57), UMW, NUCU website, 1978 (103-04), 1984 (125), 2006 (61)",,-
"KORCHMAROV, Klementiy","Корчмарьов, Климентій",Male,"July 3rd, 1899 in Verkhnedneprovsk, Yekaterinoslav, [Modern: Dnipro], Ukraine","April 7th, 1958 in Moscow, Russia",-,Russia,"ONMA (1919) pno, comp with V. Malishevsky",DAM (1921–1923),folklorist,-,"ESU, Hakobian, Ho (270–271), Musicalics, Piirainen, Schwarz, Slonimsky (III: 536), UME (II: 557), Vodarsky (68)",-,-
"KORNILEVYCH, Ihor","Корнілевич, Ігор",Male,"February 2nd, 1956 in Lutsk, Ukraine",-,-,-,NMAU (1983) comp with M. Skoryk,-,Artist for Kyiv Association of Musical Ensembles (1983–?,joined (1986),"ESU, Mukha (150), UME (II: 551–52), NUCU website, 2006 (25)",-,-
"KOSENKO, Viktor","Косенко, Віктор",Male,"November 23rd, 1896 in Saint Petersburg, Russia (grew up in Warsaw, Poland)","October 3rd, 1938 in Kyiv, Ukraine",-,-,"SPSC (1918) pno, comp with N. Sokolov & M. Steinberg; Private studies: comp with A. Glazunov","Zhytomyr Music School (1919–1928), KLMS (1929–34) pno, chamber music & theory, NMAU (1934–37)","concert pianist, musicologist publishing articles",joined (1932),"Baley, Dytynyak (72), ESU, Grove, Herman (II: 37–38), Ho (278–279), IEU, Karas, Korniy, Kubikovyc (II: 622), Ivakhnenko, Mukha (151–152), Musicalics, Netyrovsky, Olkhovsky, Rozhok, Sonevytskyi (128–129), UASP, UL, UME (II: 559–60), 563-64), UMW, Vilkova (145–46), VUE, NUCU website",https://kossenko-museum.wixsite.com/site,-
"KOSTIN, Oleksandr","Костін, Олександр",Male,"September 22nd, 1939 in Samarkand, Uzbekistan (Kostin’s family moved to Ukraine in 1946)","November 9th, 2022 in Kyiv, Ukraine",-,-,"GKIM (1963) acc, comp with V. Podvaly, NMAU (1971) comp A. Shtoharenko","Nizhyn School of Culture and Arts (1963–66) acc, (1968, 1970–71) folk instruments, Nizhyn Pedagogical Institute (1970–71) theory/harmony, NMAU (1997–) opera director (2010–?) comp","music director for Kyiv “Lesya Ukrainka” Drama Theater (1973–78), editor Muzychna Ukraina (1978–81), artistic director for house of chamber music in Kyiv (1987–97)",joined (1972),"Dytynyak (73), ESU, Lunyna (257-282), Korniy, Mukha (153–54), Rozhok, Sonevytskyi (132), UME (II: 563–64), UMW, Vilkova (148), VUE, NUCU website, 1978 (106–7), 1984 (125–26), 2006 (25)",-,-
"KOSTIV, Andriy-Ivan","Костів, Андрій-Іван",Male,"September 28th, 2000 in Truskavets, Lviv oblast, Ukraine",-,-,-,"Drohobych Music College (2020) pno, KhNUA (2020–21) comp with V. Ptushkin, LNMA (2024) comp with L. Sydorenko, (2024–) comp with L. Sydorenko",-,-,-,-,-,via email 
"KOSTOV, Oleksandr","Костов, Олександр",Male,"1995 in Odesa, Ukraine",-,"Michigan, USA",USA (moved in 2018),"ONMA (2016) comp with S. Shustov, ONMA (2018), Towson University (2020) comp with W. Kleinsasser, University of Michigan (2021–) Phd comp with M. Daugherty","Odesa Music School no. 7 (2017– 18), private pno & theory lessons","accompanist, pno, comp",-,-,-,via email 
"KOTYUK, Bohdan","Котюк, Богдан",Male,"August 21, 1951 in Lviv","November 26, 2022 in Lviv",-,-,"LMS (1969) pno, history/theory, LNMA (1974) musicology, LNMA (1983) comp with ?, Kyiv Institute of Professional Development (1983) cond","music schools in Lviv and Lutsk (1971-84, 86-89), Drohobych Pedagogical Institute (1984-86), LNMA (1989-)","commentator/author for radio/TV programs, author of musical education articles/books, founder/director of Wagner society of Ukraine (1993-) which led to publishing house Collegium musicum (2001), cond of orchestras in Lviv (1976-), founder/president of Lviv-Leopolis Rotary Club (1998-)","joined youth branch (1983), joined (1985)","ESU, Sonevytsky (133), UMW, Vilkova (149-50), NUCU website, 2006 (61)",-,via email with family 
"KOUZAN, Marian","Кузан, Марʼян",Male,"September 29th, 1925 in Isai, Sambir Region, Lviv Oblast, Ukraine","April 12th, 2005 in Paris, France",-,France (moved in 1927),"Paris Conservatory (1948) vln, comp G. Dandelot",-,founder of Alpha-Omega Brass Ensemble,joined (date unknown),"Dytynyak (76–77), ESU, IEU, Karas, Korniy, Kubikovyc (II: 638), Mukha (162), Musicalics, Shank (170), Sonevytskyi (144–45), UDC, UL, UME (II: 631), UMW, Vilkova (158–59)",-,-
"KOVALEVA, Hanna","Ковальова, Ганна",Female,"February 27th, 1964 in Luhansk, Ukraine",-,-,-,Rostov-Na-Don Music Pedagogical Institute (1988) comp with L. Klinichev,LuC (1991–),-,joined (1994),"ESU, Mukha (138), UME (453), 2006 (91)",-,-
"KOVALINAS, Mykola","Ковалінас, Микола",Male,"June 30th, 1964 in Volodymyrets, Rivne Oblast, Ukraine",-,-,-,"NMAU (1990) and (1994) comp with G. Liashenko, (1995) Phd “Sonorous Formation: The Logos of Creativity”",NMAU (1995–),-,joined (1993),"ESU, Kovalinas, Mukha (138), Rozhok, Sonevytskyi (134-135), UME (II: 449), UMW, NUCU website, 2006 (23)",-,via email 
"KOZYTSKY, Pylyp","Козицький, Пилип",Male,"October 23rd, 1893 in Letychivka, Cherkasy Oblast, Ukraine","April 27th, 1960 in Kyiv, Ukraine",-,-,"Kyiv Spiritual Seminary (1905), Kyiv Theological Academy (1917), NMAU (1920) comp with B. Yavorsky & R. Glière","KLMS (1918–1924), KhNUA (1925–35), NMAU (1935–60) head of department (1944–49)","editor for Muzyka, organizer of Leontovych Musical Society, editor-in-chief for Muzyka (1923–27) & Music to the Masses (1928–31), president of Choral Society of Ukraine (1959–60), artistic director of Ukrainian State Philharmonic (1938–41), musicologist","joined (1932), president (1952–56)","Baley, ESU, Hordiychuk, IEU, Korniy, Kubikovyc (II: 654–55), Mukha (141–142), Olkhovsky, Rozhok, Sonevytskyi (136–137), UME (II: 470–74), UMW, Vilkova (138–39)",-,-
"KRAEVSKA, Sofia","Краєвська, Софія",Female,1975 in Lviv,-,"Muncie, Indiana, USA",Canada/USA,"University of Ottawa (2001) pno, Schola Cantorum in Paris (2000) pno, University of Miami (2003) pno, University of Miami (2009) comp studied with ? doctoral thesis composition “Terra Mirabilis”; private composition studies with Steven Gellman, John Van der Slice, Dennis Kam and Landsing McLoskey","Ball State University (dates?) adjunct faculty pno performance, theory & orchestration/arranging, Saint Leo University (dates?), Northwood University (dates?), University of Miami (dates?) graduate teaching assistant, private pno lessons",pianist,-,"Canadian Music Centre, UASP",https://www.sofiakraevska.com/,via email 
"KRASOTOV, Oleksandr","Красотов, Олександр ",Male,"May 5th, 1936 in Odesa, Ukraine (parents part of the Odesa Intelligentsia, mother pianist & teacher)","October 5th, 2007 in Tianjin, China",-,-,"ONMA (1959-1999) theory & comp, Tianjin Conservatory (1999-2007) invited professor of comp","ONMA (1959-?) theory & comp, Tianjin Conservatory (1999-2007) invited professor of comp",-,joined (1966),"Dytynyak (74-75), Herman (II: 39), Ho (284-85), Mukha (157-8), Musicalics, NMU, Sonevytsky (138), UME (II: 595-6), UMW",-,via email with son Aleksey Krasotov
"KRUTYKOV, Sviatoslav","Крутиков, Святослав",Male,"May 19th, 1944 in Tbilisi, Georgia (Krutykov’s mother was born and raised in Ukraine. She moved as a harpist to Georgia and met his father. The family returned to Ukraine in 1951.)",-,-,-,NMAU (1961–64)* comp with B. Lyatoshynsky *Krutykov voluntarily left in his fourth year as a resistance to the demands of the totalitarian regime,-,"Kyiv Theater Chronicle Studies (1964–?) and director of Renaissance ensembles “Renaissance” in Kyiv, “Camerata Taurica” in Yalta",joined (1995),"ESU, Mukha (161), UME (II: 622), UMW, Vilkova (156–57), NUCU website, 2006 (26)",-,via email 
"KRYVOPUST, Bohdan","Кривопуст, Богдан",Male,"May 5th, 1975 in Zaporizhzhia, Ukraine",-,-,-,"NMAU (1998) comp with L. Kolodub, (2000) pno, (2004) comp with G. Liashenko",-,"pianist, director of international forum “Music of Youth” in Kyiv (2008-), director of Muzychna Ukraina Publishing House (2010-)",joined (2000),"ESU, Mukha (159), UMW, Vilkova (154), NUCU website, 2006 (26)",-,via email 
"KUCHEROV, Valentyn","Кучеров, Валентин",Male,"September 25th, 1925 in New Odesa [Modern: Mikol], Mykolaiv oblast, Ukraine","March 28th, 2001 in Kyiv, Ukraine",-,-,NMAU (1953) comp with M. Vilinsky,"NMAU (1960–91), (1959) dean of history/theory",author of choral textbooks,-,"ESU, Mukha (165), UME (II: 657–58)",-,-
"KULESHA, Gary","Кулеша, Гері",Male,"August 22nd, 1954 in Toronto, Canada",-,"Toronto, Canada",Canada,Royal Conservatory of Music in Toronto (1973) pno (1978) comp with S. Dolin; Private studies: comp with J. McCabe (1978–81) & J. Corigliano (1982),University of Toronto (1991–),"music producer for CBC Radio Winnipeg (1977), composer in residence for Kitchener-Waterloo Symphony (1989–91) & Canadian Opera Company (1993-95), composer advisor for Toronto Symphony Orchestra (1995–2023), artistic director of The Composer’s Orchestra (1987–2004), served on the board of League of Composers Canadian Music Centre, & SOCAN, guest conductor for various orchestras",-,"CE, Dytynyak (77–78), ESU, Grove, Karas, Korniy, LCP, Mukha (163–164), Musicalics, Sonevytskyi (143–144), Slonimsky (III: 584–85), UDC, UME (II: 636–37), WRP, NUCU website, 2006 (103)",http://www.garykulesha.com/,via email
"KUSHNIR, Anton","Кушнір, Антон",Male,"February 21st, 1979 in Chernihiv, Ukraine (father Yaroslav Kushnir)",-,-,-,"LuC (date) flute, DSMA (1998) flute, Royal Conservatory of Music in Belgium (2000) flute, NMAU (2004) flute, (2007) flute, Chopin University of Music in Warsaw (2013) PhD","NMAU (2006-) flute & chamber music, Dean of Orchestral Faculty (2018-)","Chernihiv Symphony Orchestra (dates), National Philharmonic of Ukraine (2018-) flute, author of articles on flute performance, history and theory, founded Ukrainian Flute Society (date?), director of the International Flute Festival in Ukraine and Competition “Kyiv Flute Days” (dates?)",-,"ESU, Gnativ (48), UME (659-700)",-,via email
"KUSHNIR, Yaroslav","Кушнір, Ярослав",Male,1949 in Ukraine,,,,,,,,Gnativ (48-49),-,with son Anton Kushnir via email
"KUZMENKO, Larysa","Кузьменко, Лариса",Female,"January 23rd, 1956 in Toronto Canada (Parents born in Ukraine then immigrated to Australia, then to Canada)",-,"Toronto, Canada married to composer Gary Kulesha",Canada,University of Toronto (1979) & (1981) comp with O. Morawetz and W. Buczynski; Private studies comp with S. Dolin; pno with Antonina Yaroshevich,"University of Toronto (1989-) comp, orchestration, keyboard skills, aural skills, pno; Royal Conservatory of Music (1981-2004) Community School - pno (1996-2010) Glen Gould Professional School (1997-2008) Young Artists Performance Academy","coach/rehearsal pianist for Ukrainian Opera Company (1979-82), Royal Conservatory of Music (1990-2004) Board of Examiners, pianist (solo and accompanist), conductor for Cosmopolitan Opera Company Chorus (1979) & Stratford Festival Workshop (1982) , adjudicator for Ontario Arts Council Music Commissioning, Manitoba Arts Council Commissioning, & CBC Radio Commissioning,",-,"Dytynyak (77), ESU, LCP, Mukha (162-3), Musicalics, Sonevytsky (145-6), UME (II: 634), NUCU website, 2006 (103)",https://www.larysakuzmenko.com/index.html,via email 
"KVASNEVSKIY, Valeriy","Квасєвський, Валерій",Male,"November 4th, 1953 in Lviv, Ukraine",-,-,-,"LNMA (1977) vlc, comp with A. Kos-Anatolsky",-,-,-,UMW,-,via email 
"KYRYLIV, Dmytro","Кирилів, Дмитро",Male,"May 12th, 2002 in Ternopil, Ukraine",-,"Toronto, Canada",Canada (moved in 2024),"Music and Arts University of the City of Vienna (2024) cl, comp with D. D’arse, University of Toronto (2024-) Master of Music Technology; Private Studies: comp with C. Hatzis (2024-)",-,-,-,-,dymtrokyryliv.com,via email and in person
"KYRYLOV, Viacheslav","Кирилов, В'ячеслав",Male,"October 17th, 1997 in Donetsk, Ukraine",-,"Krakow, Poland",Poland,"Jagiellonian University (2022) MA in philosophy, Krzystof Penderecki Academy of Music in Krakow Poland (2021) comp with M. Dlugosz & W. Widlak (in progress) Phd",-,-,-,LCP,https://viacheslv.portfoliobox.net,-
"KYVA, Oleh","Кива, Олег",Male,"January 5th, 1947 in Lviv, Ukraine","December 26th, 2007 in Kyiv, Ukraine",-,-,NMAU (1971) comp with M. Skoryk,"Uman Music School (1971–72), Kyiv Children music school (1974–76)","conductor Uman Symphony (1971–72), editor Muzychna Ukraina (1977–81)",joined (1972),"Drabyna (69–83), Grove, Ho (261), Lunyna (225–226), Karas, Korniy, Musicalics, NMU, Rozhok, Shank (152), UASP, UME (II: 359–60), UMW, Vilkova (131–32), VUE, 2006 (22)",-,-
"LAPSHYNSKY, Hlib","Лапшинський, Гліб",Male,"June 12th, 1910 in Kyiv","unknown, most likely in Germany",-,Germany (moved in 1943),"NMAU (1931) pno, comp with B. Lyatoshynsky",-,-,joined (date unknown),"Dytynyak (81), ESU, Karas, Mukha (169), Sonevytskyi (153), UME (III: 32–33)",-,-
"LARCHIKOV, Vadim","Ларчіков, Вадим",Male,"July 9th, 1967 in Sevastopol, Crimea",-,-,-,ONMA (1993) vlc (1994) comp with E. Uspensky,ONMA (1993-2002),artistic director of various ensembles and festivals,joined (1997),"ESU, Korniy, Mukha (169–170), Musicalics, NMU, Shank (172), UME (III: 33–35), NUCU website, 2006 (80)",-,via email 
"LASTOVETSKY, Mykola","Ластовецький, Микола",Male,"August 14th, 1947 in Dunaivtsi, Khmelnytskyi oblast, Ukraine",-,-,-,LNMA (1976) comp with R. Simovych,"Dunaivtsi Music School (1970–71), Drohobytskiy music school (1976–) director (1984–)",-,joined (1996),"ESU, Mukha (170–171), UME (III: 35–36), Vilkova (169), NUCU website, 2006 (67)",-,-
"LAWRYSHYN, Zenoby","Лавришин, Зеновій",Male,"June 4th, 1943 in Rudnyky, Lviv Oblast, Ukraine","January 31st, 2017 in Toronto, Canada",-,Canada (moved in 1950),"Royal Conservatory of Music in Toronto (1961) pno, University of Toronto (1969) comp with J. Weinzweig; Private studies: comp with A. Jolivet in Paris (1965–66)",-,"founder and chorus master of Ukrainian-Canadian Opera Society (1978), cond Lisova Pisnia Women’s Choir (1963–64), Boyan Mixed Choir (1967–78) & Chaika Children’s Choir (1967–70)",joined (1998),"CE, Dytynyak (78–79), ESU, Karas, Korniy, Mukha (166), Sonevytskyi (156–157), Struk (III: 60), UDC, UME (III: 14–15), UMW, Vilkova (165), NUCU website, 2006 (103)",-,via email with nephew Adrian Lawryshyn
"LEHKI, Andriy","Легкий, Андрій",Male,"September 7th, 1968 in Berezhany, Ternopil oblast, Ukraine",-,"New York, USA",USA (moved in 2003),"LNMA (1994) comp with L. Mazepa, Mannes School of Music (2010) comp with D. Tcimpidis, University of Hartford (2024) Phd “Violin Concerto for Violin Solo and Orchestra and a Short Research “Minimalism – A Key to Success” supervisor R. Carl",Ukrainian Musical Institute in New York (2021–),"Music director of Good Shepherd Church (2021–), co-founder Lehman Quartet",joined (2000),"ESU, Mukha (174), UME (III: 67)",-,via email 
"LEVADA, Illia","Левада, Ілля",Male,"March 3rd, 2004 in Kharkiv, Ukraine",-,-,-,"Kharkiv State Music Lyceum (2022) musicology, comp with L. Shukaylo & H. Savchenko, KhNUA (2022–) comp with O. Shchetynsky & K. Palachova",-,guitarist in rock bands,-,-,-,-
"LEVITIN, Yury","Левитин, Юрій",Male,"December 28th, 1912 in Poltava, Ukraine","July 26th, 1993 in Moscow, Russia",-,Russia,"SPSC (1935) pno, (1942) comp with D. Shostakovich",-,-,-,"ESU, Grove, Herman (II: 44), Ho (308–309), Musicalics, Olkhovsky, Piirainen, Schwarz, Shank (175), UME (III: 61)",-,-
"LEVKOVICH, Oleksandr","Левкович, Олександр",Male,"January 26th, 1952 in Yemetsk, Arkhangel, Russia",-,"srael (1990-93), Toronto, Canada (1993-)",Canada,"LNMA (1976) pno, (1980) comp with V. Flys",Cherkasy Music School (1980-3),music director of Cherkasy Puppet Theatre (1983-86),joined (1983),"ESU, LCP, Mukha (173-74), Musicalics, Shank (176), Sonevytsky (161), 1984 (139-40), 2006 (103)",https://alexlevkovich.org/,-
"LEVYCH, Oleksandr","Левич, Олександр",Male,"October 7th, 1907 in Kharkiv, Ukraine","December 12th, 1994 in Kyiv, Ukraine",-,-,"KhNUA (1932–34) comp with S. Bogatyrov, NMAU (1938) comp with L. Revutsky",KMS no. 1 (1946–76) solfège,-,joined (1938),"Dytynyak (84), ESU, Mukha (173), Shank (174–75), Sonevytskyi (161), UME (III: 56–57), 1968 (127), 1978 (119–20), 1984 (138–39)",-,-
"LIASHENKO, Gennadiy","Ляшенко, Геннадій",Male,"June 1st, 1938 in Nogaysk, Zaporizhzhia Oblast, Ukraine","July 21st, 2017 in Kyiv, Ukraine",-,-,"LNMA (1968) comp with A. Soltys, NMAU (1971), (1972) Phd musicology “The Role of the Fugue in Dramatic Non-Polyphonic Forms” supervisor N. Gerasymova-Persydska","LNMA (1966–68), NMAU (1971-2015)",-,"joined (1968), on the board (1974-2010)","Y. Denysenko, Dytynyak (94), ESU, Karas, Lunyna (499–526), Korniy, Mukha (190–191), Rozhok, Shank (177), Sonevytskyi (164), UL, UME (III: 255–256), UMW, Vilkova (185–6), VUE, NUCU website, 1978 (124–125), 1984 (143–144), 2006 (28)",-,via email with granddaughter Yaryna Denysenko
"LISUN, Alex","Лісун, Олександр",Male,"1980 in a village near Cherkasy, Ukraine",-,-,-,"Cherkasy Music College (1999) instrumental performance, KU (2004)","Cherkassy Music College (2008–11), Cherkassy Children’s Music School (2009–15, 2017–) cond Children Symphony & Children’s Alex Band","multi-instrumentalist (brass) musician with Ukrainian Electro Folk Band “ONUKA” (2017–), Cherkassy Jazz Orchestra (2020–22), Cherkassy Regional Philharmonic (2007–15, 17–22), Kyiv Municipal Opera & Ballet (2002–07), National Academic Wind Orchestra of Ukraine (1999–2001)",-,Gnativ (49),http://alexlisun.com,via email 
"LOGINOV, Boris","Логінов, Борис",Male,"October 27th, 1990 in Kyiv, Ukraine",-,"Freiburg, Germany",Germany,"NMAU (2013) pno, (2014) comp with L. Kolodub, (2017), The Fryderyk Chopin University of Music (2019) comp with M. Błażewicz, Hochschule für Musik Freiburg (2023-) comp with. A. Grebtschenko",-,-,-,UCMF,https://www.doremifakus.com/,via email 
"LOHIN, Vitaliy","Логін, Віталій",Male,"March 4th, 1980 in Budenets, Chernivtsi oblast, Ukraine",-,-,-,"Chernivtsi School of Arts (2001) pno, National Music Academy of Romania (2003) pno","private pno lessons (2001–), Chudey School of Arts () head of pno department",writing pno educational materials,-,-,-,via email 
"LOMOV, Nathan","Ломов, Натан",Male,"2002 in Irpin, Kyiv oblast, Ukraine",-,-,-,"GKIM (2022), LNMA (2022–) comp with B. Frolyak",KMS no. 32 (2022–) music theory,-,-,-,-,via email 
"LOZYNSKY, Ivan","Лозинський, Іван",Male,"c. 1770 in Rozhytsi (Rozhyshche), Volyn oblast, Ukraine","c. 1850 in Kharkiv, Ukraine",-,-,Warsaw (1791),"Music Schools in Uman (1799-1801), Kursk (1811-15); Kharkiv University (1815-37)","played flute, clarinet, bassoon, violin, author of first “Violin School of Playing” in Ukraine",-,"Mukha (182-83), Sonevytsky (172), UMW, Vilkova (177)",-,-
"LUNYOV, Svyatoslav","Луньов, Святослав",Male,"April 19th, 1964 in Kyiv, Ukraine",-,-,-,NMAU (1993) comp with L. Kolodub,NMAU (1999–) comp & Music Information Technologies,-,joined (1994),"ESU, Korniy, Mukha (184), NMU, UCMF, UL, UME (III: 203–204), UMW, Vilkova (179), NUCU website, 2006 (27)",https://www.lunyov.com/,via email 
"LYATOSHYNSKY, Borys","Лятошинський, Борис",Male,"January 3rd, 1895 in Zhytomyr, Ukraine","April 15th, 1968 in Kyiv, Ukraine",-,-,"KU (1918) law, NMAU (1919) comp with R. Glière","NMAU (1920–1935 & 1944–1968), MSC (1935–38 & 1941–44)","artistic director of Kyiv State Philharmonic (1944), jury member of various competitions such as Lysenko and Tchaikovsky, President of Kyiv branch of the Association of Contemporary Music (1922–1925)","joined (date unknown), President (1939–41)","Baley, Belza, Dytynyak (92–93), ESU, Gnativ (49–50) Grove, Hakobian, Herman (II: 46), Hrysenko, IEU, Ho (322–324), Klopoushak (Chapter 3), Karas, Korniy, Mukha (188–190), Musicalics, Olkhovsky, Rozhok, Shank (180), Slonimsky (IV:19) Sonevytsky (164–167), Struk (III: 113–114), UASP, UCMF, UL, UME (III: 248–255), UMW, Vodarsky (83), Vilkova (183–85), Yaremenko (16),  NUCU website, 1968 (136–137)",-,-
"LYONKO, Yevhen","Льонко, Євген",Male,"October 24th, 1949 in Novhorodske, Donetsk oblast, Ukraine","October 2nd, 2006 in Kyiv, Ukraine",-,-,"NMAU (1978) org, comp with A. Shtoharenko",-,music editor Muzychna Ukraina (1978–82),joined (1982),"Dytynyak (94), ESU, Mukha (184–185), Rozhok, Shank (178), Sonevytskyi (170–171), UMW, Vilkova (180), NUCU website, 1984 (140), 2006 (27)",-,-
"LYS, Olena","Лис, Олена",Female,"June 3rd, 1978 in Lebedyn, Sumy Oblast, Ukraine",-,"Prague, Czechia",Czechia (moved in 2022 due to war),"Sumy State Music School (1997) pno, music theory, NMAU (2002) comp with L. Kolodub (2006) comp with Y. Ishchenko","KMS no. 37 (2000–04), Kyiv Academy of Pop and Circus Arts (2001–20), NMAU (2007–11) Prague Music Schools (2023–)","vocalist for early music ensembles “Musical Assemblies” (2000–07) & “Aliteya” (2007–22), concertmaster for Olga Kindlova Ballet School in Prague (2022–23), performer for Brandis Nad Labem Sacred Music Society (2023–), musicologist researching the style and genre formation in Ukrainian chamber and instrumental music of the twentieth and twenty-first centuries.",joined (2007),NUCU Website,-,via email 
"LYSENKO, Mykola","Лисенко, Микола",Male,"March 22nd, 1842 in Hrynky, Poltava oblast, Ukraine to Cossack family","November 6th, 1912 in Kyiv, Ukraine",-,-,"School in Kharkiv, University of Kharkiv (1864) natural sciences, Leipzig Conservatory (1869) comp with K. Reinecke & E. Richter; Private studies with Nejnkevic, Wolner, Dmitriyev, & Wilczyk and in St. Petersburg (1874-76) with N. Rimsky-Korsakov",founded Lysenko Music and Drama School (1904),"involved with anti-tsarist movement (supporter of 1905 revolution and was imprisoned), legal adviser for Imperial Civil Service, ethnomusicologist collecting Ukrainian folk songs, cond choir in Kyiv, founded Boyan Music Society in Kyiv (1905)",-,"Baley, Cornish, Dytynyak (85-87), Eremenko (12-13), ESU, Filenko & Bulat, Gnativ (50-51), Grove, Ho (324-25), IEU, Mukha (177-80), Shank (15, 181), Sonevytsky (173-76), Stuk (III: 250-51), UASP, UL, UME (III: 110-12), UMW, Vilkova (174-76), Vodarsky (78), VUE, WRP",-,-
"LYUBYNETSKA-BUKHARI, Oksana","Любинетська-Бухарі, Оксана",Female,"August 2nd, 1976 in Kyiv, Ukraine",-,-,-,"KMS (1995) pno, NMAU (n.d.) comp with L. Kolodub",-,-,joined (date unknown),"Mukha (185), 2006 (27–28), UME (III: 232)",-,-
"MALYI, Dmytro","Малий, Дмитро",Male,"October 17th, 1987 in Kherson, Ukraine",-,-,-,"Kherson Music School (2007), pno, KhNUA (2012) pno, comp with V. Muzhchyl, (2018) Phd “The Specifics of Compositional Thinking in the Music of the Last Third of the XX – early XXI Centuries” supervisor L. Shapovalova","schools in China (2015–2020) pno, comp & music theory, KhNUA (2020–) comp & music theory",-,-,"UL, UMW",-,via email 
"MARCHUK, Evgenia","Марчук, Євгенія",Female,"April 11th, 1970 in Cherkasy, Ukraine",-,-,-,"Cherkasy Music College (1998) pno & music theory, KhNUA (2005) comp. With Y. Alzhneva & V. Muzchilya",Cherkasy Music Schools (2010–),"head of music department of Cherkasy Puppet Theatre (2005–10), comp & music editor for Cherkasy Film Studio (2010–), director of “Imprezza Terra” (2018–), organist at Organ Hall at Cherkasy Musical College (2010–)",joined (2011),"ESU, NUCU website",https://evgeniamarchuk.musicaneo.com/,via email
"MANULYAK, Ostap","Мануляк, Остап",Male,"May 1st, 1983 in Lviv, Ukraine",-,-,-,"LNMA (2005) comp with V. Kaminsky & M. Skoryk, (2009) Phd “Contemporary Ukrainian Sacred Music”",LNMA (2009–) dean of theory/composition (2011-),-,joined (2007),"ESU, UCMF, UME (III: 306–07), UMW, Vilkova (193), NUCU website",-,-
"MARKEVITCH, Igor","Маркевич, Ігор",Male,"July 27th, 1912 in Kyiv, Ukraine (grew up in Switzerland and France)","March 7th, 1983 in Antibes, France",-,France,"Ecole Normale de Musique in Paris (1929) pno, comp with N. Boulanger",-,"cond of Stockholm Philharmonic (1952–55), Montreal Symphony (1956-60), Concerts Lamoureux (1957-1961), Madrid Orchestra (1965–69), Spanish Radio & Television Orchestra (1965–69), Monte Carlo Orchestra (1969–?)",-,"Dytynyak (97), ESU, Grove, Ho (336), Karas, Mukha (197–198), Musicalics, Shank (187), Slonimsky (IV: 184–85) UME (III: 313), UMW, Vilkova (193–95), Vodarsky (85)",-,-
"MARTON, Ishtvan","Мартон, Іштван",Male,"November 24th, 1923 in Sofiya, Zakarpattia oblast, Ukraine","January 14th, 1996 in Uzhhorod, Ukraine",-,-,Uzhhorod Music School (1949) pno,"Mukachevo Music School (1946–48), Uzhhorod Music School (1948–?)","artistic director of Transcarpathian Regional Philharmonic (1963–?), artistic director of chamber ensembles at the Uzhhorod Philharmonic (1975–?)",joined (1952),"Dytynyak (97), ESU, Korniy, Mukha (199), Sonevytskyi (183), Struk (III: 321), UME (III: 322), UMW, Vilkova (196), 1968 (149), 1978 (134–135), 1984 (157–158)",-,-
"MARTYNYUK, Valentyna","Мартинюк, Валентина",Female,"December 26th, 1958 in Sokil, Sakhalinsky, Russia (Her creative pseudonym is Martynyuk for her compositions and her legal last name used for teaching is Brondzya.)",-,-,-,NMAU (1983) comp with A. Shtoharenko,DAM (2002–),-,"joined (1985), secretary Dnipro branch (1989-2002)","ESU, Mukha (198–199), UME (III: 320–21), NUCU website",-,via email 
"MATSIYEVSKY, Ihor","Мацієвський, Ігор",Male,"June 28th, 1941 in Kharkiv, Ukraine",-,-,-,"LNMA (1965) comp with A. Soltys & A. Nikodemovych, SPSC (1968) comp with O. Yevlakov, Russian Institute for the History of Arts (1970) Phd “Hustul Violin Compositions” supervisor I. Zemtsovsky","Ivano-Frankivsk Music Institute (1970s), Leningrad Music College (1980s), LNMA (1992–1994) ethnomusicology, SPSC (1993–),","folklorist, author of books on Ukrainian folk music (especially Hutsul) “Musical Instruments of the Hutsuls”",joined (1999),"ESU, Grove, Mukha (202), Rozhok, UME (III: 344-45), UMW, Vilkova (198-99), NUCU website, 2006 (76)",-,-
"MERKHEL, Andrii","Мерхель, Андрій",Male,"1986 in Kyiv, Ukraine",-,-,-,"NMAU comp Y. Stankovych, Private studies in Warsaw with J. Kornowicz",-,"founder & artistic director of Sed Contra Ensemble, “Arts Teteriv Stage Festival” &
Daraba Studio, co-curator of the Sound, Voice, Silence Music and Theater Labratory, founder of
Center of Cross-Art Communications",-,Gnativ (51),-,via email 
"MOCANU, Adrian","Мокану, Адріан",Male,"1989 in Kyiv, Ukraine",-,"Valencia, Spain",Spain,"NMAU (?), Centro Superior de Ensenanza Musical Katarina Gurska in Madrid, Spain (?)",-,composer in residence for various ensembles & programs,-,UCMF,https://adrianmocanu.eu/,-
"MOYSEYIV, Ignatiy","Мойсеїв, Ігнатій",Male,"2002 in Lviv, Ukraine",-,-,-,"Lviv Professional Music College (2021) vln, LNMA (2021–) comp with V. Kaminsky",-,-,-,-,-,via email 
"MUKHA, Anton","Муха, Антон",Male,"January 7th, 1928 in Shebalino, Russia","July 19th, 2008 in Vorzel, Kyiv oblast, Ukraine",-,-,"NMAU (1952) comp with M. Vilinsky & B. Lyatoshynsky, (1955), (1982) Phd",-,"music editor for Kyiv TV Studio (1958–62), researcher at Rylsky Institute of Arts (1962–?) head of musicology (2000–04)","joined (1959), head of Kyiv branch (1994–99)","Dytynyak (100–101), ESU, Karas, Korniy, Mukha (209–210), Rozhok, Sonevytskyi (190–191), UME (III: 617-19), UMW, Vilkova (211), 1968 (154-155), 1978 (142-143), 1984 (166-167), 2006 (29)",-,-
"NALBANDOV, Yedem","Налбандов, Єдем",Male,"December 25th, 1926 in Kapsykhor, Crimea","May 22nd, 1999 in Simferopol, Crimea",-,-,"Karasubazar Music School (?) vln, Leninabad Music School (?), Tashkent Conservatory (1962) cond and choral, Alma-Ata Conservatory (1990) Phd; Private studies comp with B. Zeidman","Dzhyzak Music School (1977-80) director, Tashkent Institute of Culture (1980-93), Crimean State Pedagogical Institute (1993-?) director of the music education department, Simferopol Music School (1993-?)","choirmaster, director of Crimean Tatar Song and Dance Ensemble “Haytama” (1964)",joined (1992),"Mukha (212), ESU, UMW",-,-
"NEKRASOV, Oleksandr","Некрасов, Олександр",Male,"December 16th, 1946, Krasny Kut, Russia",-,-,-,"Lutsk School of Music (1966) acc, LNMA (1971) cond & acc, (1977) comp with R. Simovych","Turiysk Children Music School (1966–1973) director (1970–73), DSMA (1977–2014)","acc, cond, music critic, poet, director of Solovyanenko “Nightingale Fair” Vocal Competition (2000–07)","joined (1979), on the board","Bessonova-Rubinska, ESU, Kiryeyeva, Mukha (214–215), Shank (202), Sonevytskyi (196–197), Vilkova (216–17), UME (IV: 215), UMW, NUCU website, 1984 (170–171), 2006 (88)",-,via email 
"NIKOLAIEV, Vadym","Ніколаєв, Вадим",Male,"November 14th, 1956 in Uman, Cherkassy oblast, Ukraine",-,-,-,"ONMA (1980) musicology, comp with I. Asseev","various music schools in Uman & Odessa (1979–91), ONMA (1991–98)",-,joined (1988) secretary of Odesa branch (1989–98),"ESU, Mukha (217), Shank (204), Sonevytsky (198–99), UME (IV: 259), NUCU website, 2006 (81)",-,-
"NOVOKHATSKY, Serhii","Новохацький, Сергій",Male,"February 26th, 1952 in Yevpatoriya, Crimea",-,"Lipno, Poland",Poland (moved in 2024),GKIM (1977) choral cond,-,"worked at UkrConcert, RosConcert, Kherson Philharmonic, Ternopil Philharmonic (1971–91), was artistic director of groups Mriya, Zoryanyi Chas, Charivni Hitary, Leleky, Kontrast, Folk-Hurtu, Medobory, guitarist and arranger for Kobzar, musician on cruise ship in France (2000–02) and Britain (2006), bass guitarist & vocalist for “Hraymo”, artistic director of folk groups “Chistye rosy” & “Zolotoe pereveslo” (2017–)",-,-,-,via email 
"OLSHEVSKY, Volodymyr","Ольшевський, Володимир",Male,"February 5th, 1955 in Novorhrad-Volynsky, Zhytomyr oblast, Ukraine",-,-,-,NMAU (1980) comp with M. Dremlyuha,"Music schools: Novohrad-Volynsky (1981-83), Vyshhorodi (1983–92), Brody (1996–2012)",performed in family band (1996–2004),joined (1987),"ESU, Mukha (221), Shank (206–07), Sonevytskyi (204), UME (IV: 419–20), NUCU website, 2006 (30)",-,-
"ORFEEV, Serafym","Орфеєв, Серафим",Male,"May 15th, 1904 in Krutchenskaya, Russia","July 20th, 1974 in Odesa, Ukraine",-,-,ONMA (1932) comp with P. Molchanov,ONMA (1934–1964) director (1951–62),Soviet army (1932–34),joined (date unknown) head of Odesa branch (1952–54/64) *sources list different years,"Dytynyak (106), ESU, Ho (390), Korniy, Mukha (222–223), Rozhok, Shank (207), Sonevytskyi (205), UME (IV: 507), UMW, Vilkova (225–26), 1968 (162–63)",-,-
"ORKIN, Evgeni","Оркін, Євген",Male,"October 2nd, 1977 in Lviv, Ukraine",-,"Mannheim, Germany",Germany,"GKIM (1995), NMAU (1999) cl, comp. with Y. Stankovych, Higher School of Arts in Utrecht Netherlands (1998) cl & cond, Mannheim University (2007) cl, comp with U. Leyendecker",Mannheim University (2004–) cl/sax,"clarinetist of Kyiv Camerata (1992–1999), founder of Orkin Music Laboratory (2015–), performer in ensembles such as TEMA New Music Ensemble",joined (2019),"UL, UMW, NUCU website",https://www.evgeniorkin.de/,via email 
"OVCHARENKO, Halyna","Овчаренко, Галина",Female,"July 9th, 1963 in Luhansk, Ukraine",-,United Kingdom,United Kingdom (moved in 1995),"NMAU (1987) comp with Y. Ishchenko, University of Bristol (2002) Phd; Private studies: comp with K. Penderecki (1991) at Summer Course for Young Composers","KLMS (1986–93), Sumy Pedagogical Institute (1993–96)",-,joined (1991),"ESU, Grove, Karas, Mukha (219), Rozhok, Shank (208–09), Sonevytskyi (206), UME (IV: 354–55), NUCU website, 2006 (104)",http://www.halynaovcharenko.com/,via email 
"OZERSKYI, Zakhar","Озерський, Захар",Male,"April 1st, 2001 in Odesa, Ukraine",-,-,-,"Drohobych Music College (2020) perc, LNMA (2024) & (2024–) comp with O. Manulyak",,-,-,-,-,via email 
"PARTITSKA, Salmi","Партіцька, Сальмі",Female,"1992 in Kyiv, Ukraine",-,-,-,"GKIM (2011) music theory, NMAU (2015) comp with G. Liashenko, (2018) comp with Y. Stankovych",-,-,joined (2019),NUCU Website,https://salmipartitska.jimdofree.com/,via email 
"PARULAVA-OSKOMENKO, Tamara","Парулава-Оскоменко, Тамара",Female,"February 22nd, 1952 in Poltava, Ukraine","October 30th, 2024 in Poltava, Ukraine",-,-,"KhNUA (1977) bandura & cond, Rostov-on-Don Conservatory (1990) comp with G. Gontarenko",various music schools in Poltava (1972–?),conductor of chamber orchestra of Poltava Philharmonic (2005–06),joined (1996),"Mukha (225–226), UME (V: 91–93), NUCU website, 2006 (56–7)",-,was in contact via phone
"PASICHNYK, Volodymyr","Пасічник, Володимир",Male,"September 14th, 1963 in Basivka, Lviv Oblast, Ukraine",-,-,-,LNMA (1990) comp with L. Mazepa,LMS (1992–),librarian at Stefanyka Lviv Scientific Library (2000–),joined (2003),"Mukha (226), UME (V: 102-03), NUCU website, 2006 (63)",-,via email 
"PATSERA, Vitaliy","Пацера, Віталій",Male,"January 20th, 1936 in Ulyanivka, Sumy oblast, Ukraine","April 28th, 2022 in Lviv, Ukraine",-,-,NMAU (1966) comp with K. Dankevych,"Lutsk Music School (1963–66) Urali Music School (1967–80), KhNUA (1981–?)",-,"joined (1979), head of Kharkiv branch (1999–2003)","Mukha (226–27), Rozhok, Sonevytskyi (208), UME (V: 114–15), UMW, NUCU website, 2006 (52)",-,-
"PAVENSKY, Volodymyr","Павенський, Володимир",Male,"May 23rd, 1957 in Chernivtsi, Ukraine",-,-,-,LNMA (1985) comp with V. Kaminsky,LMS (2003–),"Lviv TV and Radio Company head of the sound recording department (1985–2018), military (1977–79)",joined (1994),"ESU, Korniy, Mukha (224), UL, UME (V: 14–15), UMW, NUCU website, 2006 (62)",-,via email 
"PAVLENKO, Serhiy","Павленко, Сергій",Male,"May 5th, 1952 in Sumy, Ukraine","February 3rd, 2012 in Moscow, Russia",-,Russia,"MSC (1977) comp with E. Denisov & N. Sidelnikov, (1980)",-,music director of Taganka Theatre in Moscow (1976–82),-,"Grove, Ho (403), LCP, Piirainen, Shank (211–12), Tsenova (244–252), UME (V: 18–19)",-,-
"PIDGORNA, Anna","Підгорна,Анна ",Female,"1985 in Kherson, Ukraine",-,"Vancouver, Canada",Canada (moved in 1997),"Mount Allison University (BA) comp with J. Code & I. Crutchley, University of Calgary (Mmus) comp with D. Eagle, Princeton University (PhD) with D. Trueman, B. White, D. Dennehy, D. Tymoczko & S. Mackey",-,"freelance composer, co-founder of Pickle Underground, member of Fermata Opera, vocalist, visual artist",-,LCP,https://annapidgorna.com/,via email
"PIKUSH, Yurii","Пікуш, Юрій",Male,"1998 in Dnipro, Ukraine",-,-,-,"DAM (2017) mandolin, NMAU (2022) comp with O. Kostin, (2024) comp with M. Kovalinas",-,-,joined (2024),"LCP, NUCU website",www.yuriipikush.com,via email 
"PILYUTIKOV, Sergei","Пилютиков, Сергій",Male,"April 3rd, 1965 in Uzn, Kyiv Oblast, Ukraine",-,-,-,"Kharkiv University (1987) history, KhNUA (1995) comp with O. Shchetynsky",KhMS (1991–98),"Artistic director for New Music Ensemble “Ricochet” (1999-) and International Music Form of the Young (2000-), director/composer/music producer for Starlightmedia (2010-)
","joined (1998), on board (2005)","Gnativ (51–52), LCP, Mukha (232–233), Musicalics, NMU, Rozhok, UCMF, UME (V: 220–21), UMW, Vilkova (238), Zagaykevych (156) NUCU website, 2006 (31)",-,via email 
"PIRKOVSKY, Naum","Пірковський, Наум",Male,"December 17th, 1906 in Kyiv, Ukraine","1969 in Leningrad [Modern: Saint-Petersburg], Russia",-,Russia,"NMAU (1927), MSC (1931) comp with M. Gnesin",-,Director of music speech at Ukrainian Radio,-,"ESU, Mukha (233), UME (V: 224–25)",-,-
"POKLAD, Nadya","Поклад, Надія",Female,"1984 in Luhansk, Ukraine",-,"Oakville, Canada",Canada (moved in 2022),"LuC (2004) music education, (2009) comp with S. Turneev, NMAU (2015)* Phd musicology “Contemporary Composers of Luhansk” Private studies: comp with H. Kovaleva  *Poklad was unable to defend the dissertation due to the political conflict between Ukraine and Russia beginning in 2014. All of her publications in scientific Russian journals were nullified and the topic of the thesis was banned from presentation in Kyiv. Her candidacy was cancelled without any explanation. ","LuC (2002–2009) music theory, Luhansk Art School no. 2 (2008–2012) music theory/comp, various schools in China teaching pno and music theory (2012–2022), private pno & vocal teacher (2022–)",-,-,-,-,via email and in person
"POLEVA, Victoria","Польова, Вікторія",Female,"September 11th, 1962 in Kyiv, Ukraine (daughter of Valeri Polevoy)",-,Switzerland,Switzerland (moved in 2022 due to the war),"GKIM (1984) history/music theory, NMAU (1989) comp with I. Karabyts, (1995) comp with L. Kolodub",NMAU (1990–98) comp (2000–2005) music & technology,curator for festival “Gogolfest” (2009–2010),joined (1992),"ESU, Gnativ (52–53), Grove, Korniy, Mukha (235), Musicalics, NMU, Rozhok, Shank (217–18), Sonevytskyi (213), UCMF, UL, UME (V: 336–39), UMW, Vilkova (242), VUE, NUCU website, 2006 (32)",-,via email 
"POLEVOY, Valeriy","Польовий, Валерій",Male,"June 3rd, 1927 in Odesa, Ukraine to a musical family (son of Petro Mohyla) Mohyla is his birth last name which he changed to Polevoy due to its association with a famous Ukrainian politician and church leader ","May 2nd, 1986 in Kyiv, Ukraine",-,-,"NMAU (1950)* comp with B. Lyatoshynsky *Arrested: 1) during studies in 1947 2) with his brother for creating the youth anti-Soviet organization “People’s Liberation Party”, imprisoned (1950-54) ",music schools in Kyiv (1955–1956),"editor for Mystetsvo (1956–1964) & Soviet Muzyka (1962–63), consultant for Soviet Composers Union (1973–1976)","joined (1955), consultant for Kyiv branch (1976-1986)","Dytynyak (110), ESU, Mukha (234), Rozhok, Shank (218), Sonevytskyi (213–214), UME (V: 339–40), UMW, Vilkova (243), 1968 (168–169), 1978 (155–156), 1984 (181–182)",-,via email with daughter Victoria Poleva
"POLSKY, Illya","Польський, Ілля",Male,"August 18th, 1924 in Zvenyhorodka, Cherkasy oblast, Ukraine","July 15th, 2001 in Kharkiv, Ukraine",-,-,"KhNUA (1949) theory, comp with D. Klebanov, (1978) Phd musicology “Carol Cycles in Ukraine and Belarus”","KhMS (1947–62), KhNUA (1962–2001), head of department (1969–?)",Soviet Army (1942–45),joined (1951) on the board of the Kharkiv branch,"Dytynyak (112), Ho (411), Mukha (236), Sonevytskyi (216-17), UME (V: 343–45), UMW, 1968 (172–73), 1978 (157–59), 1984 (183–85)",-,-
"PONOMARENKO, Valentyn","Пономаренко, Валентин",Male,"February 7th, 1928 in Odesa, Ukraine","August 9th, 1984 in Kharkiv, Ukraine",-,-,"NMAU (1954) bsn with O. Lytvynov, (1957) comp with B. Lyatoshynsky","KhMS (1960–68) history/theory, DSMA (1968–70), KhNUA (1974–?)","Musical director for Sakhtarsky Song & Dance Ensemble (1957–59), editor for music programs for Donetsk Television Studio (1959–60)",joined (date unknown),"Dytynyak (112–113), Mukha (237–38), Musicalics, Sonevytskyi (217), UME (V: 365), 1968 (174), 1978 (159–60), 1984 (185–86)",-,-
"POTIYENKO, Oleksandr","Потієнко, Олександр",Male,"March 26th, 1960 in Kyiv into musical family (father vln at Ukrainian National Opera)",-,Germany,Germany (moved in 2000),"KLMS (1978) tpt, GMI (1983) tpt, NMAU (1990) comp with L. Kolodub","NMAU (1992–2000) chamber music, Cloppenburg District Music School (2000–)","Principal tpt of National Opera of Ukraine (1983–2000), director of ArtBrass Oldenburg (2000-), member of brass quintet Blechharmonie (2005–), org & music director of Evangelical Lutheran Church of Hude (2005–)",-,"Mukha (240), Rozhok, UME (V: 404)",https://www.potiyenko.de/,
"POVOLOTSKY, Yuri","Поволоцький, Юрій",Male,"February 14th, 1962 in Odesa, Ukraine",-,"Jerusalem, Israel",Israel (moved in 1991),GMI (1986) comp with G. Litinsky & A. Muravlev,-,Director of jazz-klezmer band “Apropos.art”,-,"ICL, IMI, Shank (220)",-,via email 
"PRATSYUK, Bogdana","Працюк, Богдана",Female,"February 6th, 1973 in Kyiv",-,-,Germany (moved in March 2022),"NMAU (1997) comp with L. Kolodub, (2000) supervisor N. Herasymova-Persydska; Private Studies: 2003 in Poland with E. Knapik","KMS no. 25 (1994–2006), NMAU (1999–), KMS no. 4 (2005–2012)","Regent at hospital church of St. Luke of Crimea in Kyiv (2010–), musicologist",joined (1999),"Mukha (240), Rozhok, UME (V: 409), NUCU website, 2006 (32)",-,via email 
"PURA, William","Пʼюра, Вільям",Male,"December 19th, 1948 in Winnipeg, Canada",-,"New Mexico, USA",Canada,"University of Manitoba (1970) BFA, Indiana University (1973) MFA; Private studies comp with B. McDonalds","University of Manitoba (1973–2010) printmaking, drawing, painting, color theory","co-founder of IZ Music (1980), president of Manitoba Composers Association (1981), artist, composer, writer",joined (date unknown),"CE, Karas, Sonevytskyi (220), UME (V: 521), 2006 (104)",http://www.williampura.com/,via email 
"RADZETSKYI, Dmytro","Радзецький, Дмитро ",Male,"June 24, 1989 in Dnipro, Ukraine (musical family: father Yuriy Radzetskyi; brother Serhiy Radzetskyi)",-,-,-,"DAM (2008) gtr, comp with V. Martynyuk; KNUCA (2011)",-,"creator of 8 & 10-strings Midi Radz-guitars, founder/director/conductor of Ukrainian Improvisers Orchestra, cofounded of KORA duo and art cube at the Dovzhenko Center, host of “Kora Late Night Show”, guitarist",-,UME (VI: 15),https://radzguitar.wixsite.com,via email 
"RATNER, Samuil","Ратнер, Самуїл",Male,"June 13th, 1910 in Vietka, [Modern: Gomel oblast, Belarus]","October 31st, 1992 in Donetsk, Ukraine",-,-,"Leningrad Musical Technical (1932) comp with P. Ryazanov and G. Popov, SPSC (1937) cond",DoMS (1948–?),"cond of Belorussian theater opera and ballet in Minsk (1937–41), Uyhursky National Theater in Alma-Ati, conductor of Luhansk Philharmonic (1944–47), Donetsk Philharmonic (1948-?), Donetsk Opera & Ballet (1948–?)",joined (date unknown),"Dytynyak (115-–), Mukha (246–247), Shank (225–26), Sonevytskyi (224–25), UME (VI: 32), UMW, 1968 (177–78), 1978 (162–63), 1984 (190–91)",-,-
"RAUKHVERGER, Mykhaylo","Раухвергер, Михайло",Male,"November 22nd, 1901 in Odesa, Ukraine","October 18th, 1989 in Moscow, Russia",-,Russia,"ONMA (1920–1922) pno, MSC (1927) pno, Lomonosov Institute (?) Mechanical & Electrical Engineering","ONMA (1920–22), MSC (1927–?) head of pno department (1939–41)",-,-,"Ho (434–35), Piirainen, Shank (226), UME (VI: 32–33)",-,-
"RESHETAR, George (Yuriy)","Решетар, Юрій",Male,"April 17th, 1961 in Nahirne, Lviv oblast, Ukraine (his parents passed away as a young child)",-,-,-,"Philaret Kolessa Choir School (1980) choral singing, cond, theory, Drohobych State Pedagogical University (1987) pno",Berdichev Music College (1987–2003) pno,"choral singer, jazz pianist, studio work, songwriting, audio mixing",joined (2016),NUCU Website,-,via email 
"REZTSOV, Oleh","Резцов, Олег",Male,"March 16th, 1959 in Rivne, Ukraine to a family of musicians",-,-,-,"Kyrgyz State Institute of Arts in Frunze (1984) pno, (1988) comp, (1990)","Krygyz National Conservatory (?) pno & comp, Vinnytsia College of Culture and Arts (2010-?)","pianist, music researcher, co-organizer of festival “Argonauts Arts Festival), radio host for program “Very Old Music” on Radio OK (1999)",joined (2012),"UMW, Vilkova (255-56)",-,-
"RONZHYN, Valeriy","Ронжин, Валерій",Male,"July 27th, 1938 in Nyzhni, Novhorod oblast, Russia",-,-,-,"NMAU (1961) acc, (1965) comp with A. Shtoharenko, L. Revutsky & M. Dremliuha","Khmelnytsky music school (1965–67) theory, KMS no. 27 (1968–2016) director",-,joined (1986),"Mukha (253), Shank (231), Sonevytsky (277), UME (VI: 188–89), 2006 (34)",-,-
"ROSHCHENKO, Artem","Рощенко, Артем",Male,"January 20th, 1974 in Alchevsk, Luhansk, Ukraine",-,-,-,NMAU (1999) comp with I. Karabyts ,-,-,joined (date unknown),"Korniy, Mukha (254), Rozhok, UME (VI: 198), NUCU website, 2006 (34)",-,-
"RUDOY, M","Рудой, М",Male,no information or sources can be found,-,-,-,-,-,-,-,-,-,-
"RUDYANSKY, Oleksandr","Рудянський, Олександр",Male,"October 26th, 1935 in Uralets, Russia",-,-,-,"Sverdlovsky Military Music School (1951), Moscow Music School (1957), Moscow Pedagogical Institute (1963) comp with A Khachaturian & I. Shyshakov, Alma-Atynsky Art Institute (1969)","Alma-Atynsky Art Institute (1963–73), Karaganda Ped Inst (1974–77) director of theory, DSMA (1983–) head of composition department",-,joined (date unknown) vice-president of Donetsk branch (1983–?),"Mukha (256), Shank (232). Sonevytskyi (230–31), UME (214–15), UMW, Vilkova (260–61), NUCU website, 2006 (88–89)",-,-
"RUNCHAK, Volodymyr","Рунчак, Володимир",Male,"June 12th, 1960 in Lutsk, Volyn Oblast, Ukraine",-,-,-,"NMAU (1984) acc, cond & comp (1986)",-,"KU (1988–89) accompanist, artistic director of New Music in Ukraine Ensemble (1986–), cond",1988–2021,"Baley, Gnativ (53–54), Grove, Korniy, Mukha (256–257), Musicalics, NMU, Rozhok, Sonevytskyi (232–233), UCMF, UME (VI: 220–22), UMW, Vilkova (261), VUE, WRP, NUCU website, 2006 (34)",www.vrunchak.wixsite.com,via email 
"SAKAIEVA (Rostymashenko), Tetiana","Сакаієва (Ростимашенко), Тетяна",Female,"March 16th, 1948 in Simferopol, Crimea",-,-,-,ONMA (1974) comp with T. Maliukov,Simferopol music school no. 1 (1974–?) pno & comp,-,"joined (date unknown), secretary of Crimea branch","Dytynyak (121), Shank (235), Sonevytskyi (234), 1978 (168–69), 1984 (198–99)",-,-
"SAMODAIEVA, Ludmila","Самодаєва, Людмила",Female,"March 31st, 1951 in Ussuriysk, Russia",-,-,-,"ONMA (1976) pno, (1985) comp with O. Krasotov","Odesa Music School, pno assistant at ONMA (1990-)",-,joined (1990),"Gnativ (54–55), Korniy, Mukha (259), Musicalics, NMU, Shank (236), Sonevytskyi (235), UME (VI: 276–78), UMW, NUCU website, 2006 (82)",-,via email 
"SAVRANSKY, George","Савранський, Георгій",Male,"March 16th, 1986 in Znamyanska, Kirovohrod oblast, Ukraine",-,-,-,"Mykolaiv branch of KU (2010) acc, Mykolaiv Music School (2012–13) acc, NMAU (2021) comp with L. Kolodub (2017–18) & D. Shcherytsya","Mykolaiv Palace of Student Creativity (2006–16) folk instruments, Znamyanska Music School (2021–)","musician (acc, sopilka)",-,-,-,via email 
"SENICK, Zachary","Сенюк, Захар",Male,"September 24th, 1995 in Saskatoon, Canada (His family is from Ukraine: Stari-Kuty, Ivano-Frankivsk Oblast and Sydoriv, Ternopil Oblast) ",-,"Saskatoon, Canada",Canada,"McGill University (2019) bsn, University of Toronto (2021) bsn, (2025) DMA bsn dissertation ""Slava Ukraini: An Annotated Catalogue of Ukrainian Solo and Chamber Bassoon Works"" ","University of Toronto (2025) course instructor, Vernon Cadet Training Centre (2018–19) music instructor, Ste Cecile Music Academy in Windsor (2025-26),private studio","freelance bassoonist, music editor Éditions Plamondon (2024–), music librarian for International Music Camp (2017), assistant librarian for Canadian Music Centre (2025), orchestral librarian for Windsor Symphony Orchestra (2025-26), community outreach coordinator for Reed Supplies Canada (2025-), curator/archivist for Council of Canadian Bassoonists (2025-), founder/director of Slava Ukraini Winds (2022-)",-,-,www.zacharysenick.com,via email 
"SENYTSYA, Pavlo","Сениця, Павло",Male,"September 23rd, 1879 in Maksymivka, Poltava oblast, Ukraine","July 3rd, 1960 in Moscow, Russia",-,-,"MSC (1908) db, (1909) comp with O. Ilyinsky & S. Vasylenko","Moscow Music School (1905–15), Moscow Educational Institute (1908–?)","he Folk Ministry of Education (1922–31) ethnographer, author of “Contemporary Ukrainian Music” (1923) “Ukrainian Vocal Music” (1925)",joined (date unknown),"Dytynyak (124), Ho (474), Karas, Korniy, Mukha (263–64), Mykhailov, Piirainen, Rozhok, Shank (241), Sonevytskyi (239–41), Struk (IV: 591), UASP, UME (VI: 338–39), UMW, Vilkova (271)",-,-
"SHAMO, Ihor","Шамо, Ігор",Male,"February 21st, 1925 in Kyiv, Ukraine","August 17th, 1982 in Kyiv, Ukraine",-,-,"First Medical Institute of Moscow (1941–42) paramedic, NMAU (1951) comp with B. Lyatoshynsky",-,medical assistant in military for First Ukrainian Front (1942–46),"joined (1948), on the board","Drabyna (138–148), Dytynyak (149–150), Gnativ (55–56), Grove, Herman (III: 38–39),  Ho (478), IEU, Karas, Korniy, Mukha (322–323), Musicalics, Nevenchanaia, Rozhok, Shank (243), Slonimsky (V: 490), Sonevytskyi (241–242), Struk (IV: 613),  UASP, UL, UMW, Vilkova (338–39), VUE, NUCU website, 1968 (234–235), 1978 (210–211)",http://www.igorshamo.de/eng/biogr.htm,-
"SHAMO, Yuriy","Шамо, Юрій",Male,"January 15th, 1947 in Kyiv, Ukraine (son of Ihor Shamo)","August 25th, 2015 in Fulda, Germany",-,Germany ,NMAU (1970) comp with A. Shtoharenko,KU (1970–?) theory,-,joined (date unknown),"Gnativ (56), Karas, 1984 (245–246), Rozhok, Shank (242–43), Sonevytyskyi (242–43), UMW, 2006 (105)",http://www.igorshamo.de/eng/biogr.htm,-
"SHATS, Oleksandr","Шац, Олександр",Male,"June 15th, 1901 in Odesa, Ukraine","1970 in Odesa, Ukraine",-,-,"ONMA (1921) cond, comp with V. Malishevsky, (1924) pno",ONMA (1933–36) radio faculty,pno for Drama Theatre in Odesa & Dnipro (1924–33),joined (date unknown),"Dytynyak (150–151), Mukha (325), Shank (245), Sonevytskyi (243–44), 1968 (237)",-,-
"SHCHERBAKOV, Igor","Щербаков, Ігор",Male,"November 19th, 1955 in Dnipro, Ukraine",-,-,-,"Dnipro State Music School (1974) pno, NMAU (1979) comp with V. Kyreiko",NMAU (1993-) comp,"Ukrainian Ministry of Culture (1981-84), Muzchyna Ukraina: music editor (1985-92) Deputy Chief (1986-1991), Organizer/Music Director of International Youth Music Forum (1992-1999), Music Director of Premieres of the Season (1999-2022)",joined (1986) head of the Kyiv branch (1999-2010); Head of Organization (2010-),"Gnativ (57), Grove, Mukha (335-36), NMU, Rozhok (260, 312, 423, 425, 427-28), Shank (246), Sonevytsky (244), UCMF, UMW, Vilkova (347-48), NUCU website, 2006 (3, 7-8)",https://igorshcherb.wixsite.com/igor-shcherbakov,via email 
"SHCHETYNSKY, Oleksandr","Щетинський, Олександр",Male,"June 22nd, 1960 in Kharkiv, Ukraine",-,-,-,"KhNUA (1983) comp with V. Borysov, Krakow Music Academy (1991) computer music","KhMS (1982–1990), KhNUA (1991–1995 & 2018–), guest lecturer at NMAU (1995) and schools abroad",director of various contemporary festivals such as New Music Kharkiv (1995–2001,joined (1986),"Baley, Gnativ (57-59), Grove, Hakobian, Korniy, LCP, Mukha (336–337), Musicalics, NMU, Shank (246–47), Sonevytskyi (244), UL, UMW, Vilkova (348), VUE, NUCU website, 2006 (55)",http://www.shchetynsky.ho.ua/,via email 
"SHLONSKY, Verdina","Шльонський, Вердина",Female,"January 22nd, 1905 in Kremenchuk, Poltava Oblast, Ukraine","February 20th, 1990 in Tel-Aviv, Israel (moved in 1945)",-,Israel (moved in 1945),"Berlin Hochschule für Musik (?) pno; Private studies in Paris with N. Boulanger, E. Varèse & M. Deutsch ",TAU (?) pno,music critic for Israeli newspapers,-,"Grove, IMI, JMRC, Musicalics, Shank (248)",-,-
"SHMURAK, Alexey","Шмурак, Олексій",Male,"1986 in Leningrad [Modern: St Petersburg], Russia",-,-,-,NMAU (2010) comp with Y. Ishchenko,-,"Goethe-Institut (2010–), composer in residence for Plivka (2016–18), published articles for The Claquers & KyivDaily",-,"Gnativ (59-60), LCP, Shank (248–49), UCMF",-,via email 
"SHUKAILO, Lyudmyla","Шукайло, Людмила ",Female,"December 26th, 1942 in Verkhnia Salda, Sverdlovsk oblast, Russia",-,"Cairo, Egypt",Egypt (moved in 2020),"KhNUA (1966) pno, comp with V. Nakhabin",Kharkiv Music School (1965-2019),-,joined (unknown),"Dytynyak (153), ESU, Mukha (332), Piirainen, Sonevytsky (249), UMW, Vilkova (344-5), NUCU website",-,via email with duaghter 
"SHUKH, Mykhail","Шух, Михаїл",Male,"December 14th, 1952 in Krasnyi, Luhansk oblast, Ukraine","April 8th, 2018 in Kyiv, Ukraine",-,-,KhNUA (1977) comp with D. Klebanov & V. Zolotukhin,"DSMA (1977–?), KU (2002–?)",director of choir festival “Pevchesky Sobor” (2002–2007),joined (1980),"Grove, Mukha (334–35), Shank (250), UMW, Vilkova (346–47), 1984 (262), NUCU website, 2006 (43)",http://www.shukh.narod.ru/ and http://shukh2.wix.com/mikhail-shukh,via email with wife Nataliya Chamorova
"SHUMEIKO, Volodymyr","Шумейко, Володимир",Male,"January 21st, 1949 Hleyavatka, Dnipro oblast, Ukraine",-,-,-,NMAU (1973) comp with M. Skoryk,Rivne branch of KU (1973–76),editor Muzychna Ukraina (1979–84),joined (1976),"Dytynyak (153), Grove, Mukha (333), Rozhok, Shank (251), UL, UMW, Vilkova (345), NUCU website, 1978 (222–23), 1984 (259), 2006 (43)",-,via email 
"SHUTENKO, Kim","Шутенко, Кім",Male,"October 17th, 1932 in Kharkiv, Ukraine","June 23rd, 2010 in Kirovohrad, Ukraine",-,-,GMI (1956) comp with V. Kriukov,"music schools in Yakutsk (1954–59), Kalush (1959–62), Kirovohrad (1962–?)",-,joined (date unknown),"music schools in Yakutsk (1954–59), Kalush (1959–62), Kirovohrad (1962–?)",-,-
"SHVYRKUNOV, Oleksii","Шврикунов, Олексій",Male,"1999 in Alchevsk, Luhansk Oblast, Ukraine",-,-,-,KhNUA (2023) comp with K. Palachova & V. Ptushkin (2023–) comp with D. Malyi,-,-,-,-,-,via email 
"SHYPOVYCH, Konstyantyn","Шипович, Констянтин",Male,"February 24th, 1907 in Kyiv, Ukraine","August 7th, 1942 in Kyiv, Ukraine",-,-,"NMAU (?) comp with L. Revutsky, B. Lyatoshynsky & V. Kosenko",-,Arrested: in 1940 ,joined (date unknown),"Korniy, Mukha (328)",-,-
"SIEROVA, Lena","Сєрова, Олена",Female,"1983 in Kyiv, Ukraine",-,-,-,"NMAU (2007) comp with H. Havrylets, Krakow Academy of Music (2009) comp with Z. Bujarski",National Academy of Culture and Arts Management (2012–2023) pop vocals & sound engineering (2023–) music & sound production,Artistic director for “Music Marine Fest” (2006–07),joined (2011),"UCMF, NUCU website ",-,via email
"SILVESTROV, Valentin","Сильвестров, Валентин",Male,"September 30th, 1937 in Kyiv, Ukraine",-,-,-,"Stetsenko Adult Evening Music School in Kyiv, (1953–55), Kyiv Institute of Construction Engineering (1955–58), NMAU (1964) comp with B. Lyatoshynsky & L. Revutsky",various music schools in Kyiv (1963–70),-,joined (1969),"Dytynyak (125–26), Gnativ (60–61), Grove, Herman (III: 46–47), Ho (499–501), IEU, Khomik, Klopoushak (Chapter 4), Korniy, LCP, Lunyna, Mukha (266–67), Musicalics, NMU, Pavlyshyn, Rozhok, Schwarz, Shank (254), Slonimsky (V: 530), Sonevytskyi (279–80), Struk (IV: 140), Tsenova (66–83), UASP, UCMF, UME (VI: 363–68), UMW, Vilkova (275–76), VUE, 1978 (176–77), NUCU website, 1976 (176–77), 2006 (34–35)",-,-
"SINCHENKO, Bohdan","Сінченко, Богдан",Male,"March 30th, 1987 in Starobilsk, Luhansk oblast, Ukraine",-,-,-,"Severodonetsk Music College (2006) theory, KhNUA (2011) comp with V. Zolotukhin & V. Drobyazhina","Kharkiv State Secondary School and College (2011–2017), KhNUA (2011–2017) senior laboratory technician",Military (December 2023–December 2024) in the 48th separate assault battalion,-,-,-,via email 
"SIRENKO, Vsevolod","Сіренко, Всеволод",Male,"February 5th, 1991 in Kyiv, Ukraine",-,-,-,"NMAU (2015) comp with Y. Stankovych, (2018) comp with Stankovych",-,"NMAU (2019-2023) librarian, National Symphony Orchestra of Ukraine (2023-) librarian",joined (2016),"UME (VI: 407-08), NUCU website",-,via email
"SIUTA, Bohdan","Сюта, Богдан",Male,"November 28th, 1960 Drohobych, Lviv Oblast, Ukraine",-,-,-,"LNMA (1984) comp with Gergeli, The Rylsky Institute of Art Studies, Folklore and Ethnology (1992), (1996), (2007) Phd",Drohobych State Music School (1984–1989),Member of NUCU: joined (2016),"joined (1992), board member (2010-)","Karas, Korniy, Mukha (290-291), Rozhok, UME (VI: 671-74), NUCU website, 2006 (38)",-,via email 
"SKORYK, Myroslav","Скорик, Мирослав",Male,"July 13th, 1938 in Lviv, Ukraine (his family was exiled to Siberia (1947–55)","June 1st, 2020 in Kyiv, Ukraine",-,-,"LNMA (1960) comp with A. Soltys, S. Lyudkevych & R. Simovych, MSC (1964) comp with D. Kabalevsky, (1967) Phd","LNMA (1964–66 & 1988–1996), NMAU (1966–1988 & 1998–?) head of department of music history (1999–?)",,"joined (1963), secretary (1968), head of management (1984), co-president (2006–2010)","Baley, Drabyna (99–109), Dytynyak (128–129), Grove, Herman (III: 48–50), Ho (503–504), IEU, Karas, Klopoushak (Chapter 5), Korniy, Mukha (271–272), Musicalics, NMU, Rozhok, Schwarz, Shank (255), Sonevytskyi (259–260), Struk (IV: 733), UASP, UCMF, UL, UME (VI: 431–35), UMW, Vilkova (279–80), VUE, Zaderatsky, NUCU website, 1968 (198–199), 1978 (178–179), 1984 (210–211), 2006 (63–64)",-,-
"SMOHYTEL, Vadym",Смогитель Вадим,Male,"April 1st, 1939 in Odesa, Ukraine",-,United States (1990-2005),-,"Gliere Music School in Kyiv (1959), NMAU (1959-64) but was expelled for his nationalist bias (later was imprisoned in Kherson for political reasons)",-,secretary for UNP (1989-90),-,UMW,-,-
"SOKACHYK, Renata","Сокачик, Рената",Female,"October 2nd, 1990 in Vylok, Zakarpattia oblast, Ukraine",-,-,-,"Uzhhorod State Music College (2009) comp with V. Telychko, NMAU (2014) comp with H. Havrylets, (2019) Phd “Peter Eötvös’s opera oeuvre in the context of the development of Hungarian music of the XX–XXI centuries.”",S. Turchak School in Kyiv (2011–),-,joined (2021),NUCU Website,-,via email
"SOLONSKIY, Volodymyr","Солонський, Володимир",Male,"April 22nd, 1967 in Zhdanov [Modern: Mariupol], Donetsk Oblast, Ukraine",-,Fled Mariupol in 2022 due to Russian occupation,-,"Mariupol Music school (1982) acc, Zhdanov Industrial Technical School (1986) welding, Mariupol Music School (1992) cl, Berdyansk Pedagogical Institute (2008) music education",Music school in Mariupol (1992–2023),"army (1966–68), Azovstal plant (1988–89), Mariupol Orchestra (2002–2012), author of cl method books",Member of Donetsk Union of Composers: joined (2010),-,-,via email
"SOLTYS, Adam","Солтис, Адам",Male,"July 4th, 1890 in Lviv, Ukraine","July 6th, 1968 in Lviv, Ukraine",-,-,"LNMA (1911) vln & music theory, State Music Academy in Berlin (1914), Berlin Academy of Arts (1916), University of Berlin (1921) Phd supervisor J. Wolf",LNMA (1921–?) director (1930–39),"cond Lviv Philharmonic (1940–1956), vln, music critic",joined (date unknown),"Dytynyak (131), Ho (515–16), IEU, Karas, Korniy, Mukha (277–78), Musicalics, Rozhok, Slonimsky (V: 594), Struk (IV: 824), UME (VI: 508–09), UMW, 1968 (204–05)",-,-
"SPASOKUKOTSKY, Lev","Спасокукоцький, Лев ",Male,"September 14th, 1912 in Nikolske, Yaroslavl oblast, Russia","May 25th, 1960 in Kyiv, Ukraine",-,-,"NMAU (1945) comp with B. Lyatoshynsky, (1948), (1951) PhD “The Cantata Genre in the Works of Ukrainian Soviet Composers”",NMAU (1951-60) comp & theory,-,joined (date unknown),"Mukha (279), Piirainen, UME (VI: 535), UMW, Vilkova (287)",-,-
"STANKOVYCH, Tatiana","Станкович, Тетяна",Female,"March 8th, 1975 in Svalyava, Zakarpattia oblast, Ukraine",-,"Latina, Italy",Italy (moved in 2002),"Svalyava Music School (1990) pno, Uzhhorod Music School (1994) pno, Academia Musicale di Firenze (2010) pno; Private studies: jazz lessons with S. Diotallevi and C. Viti ",pno at Svalyava Music School and various musical schools in Rome and Latina,accompanist for vocalists and instrumentalists,-,-,https://www.tatianastankovych.net/,via email
"STANKOVYCH, Yevhen","Станкович, Євген",Male,"September 19th, 1942 in Svalyava, Zakarpattia Oblast, Ukraine",-,-,-,"Uzhhorod Music School (1961) vlc, comp with I. Marton, LNMA (1962–63)* with A. Soltys, NMAU (1970) with B. Lyatoshynsky and M. Skoryk  *Stankovych’s studies were interrupted due to military service","NMAU (1976–), head of comp department (1989–)",editor for Muzychna Ukraina (1970–76),"joined (1975) first secretary (1989–92), president (1990–93), copresident (2004–10)","Baley, Drabyna (110–121), Dytynyak (132–133), Gnativ (61–62), Grove, Ho (519), IEU, Karas, Lunyna, Korniy, LCP, Mukha (279–282), Musicalics, NMU, Rozhok, Shank (262–63), Sonevytskyi (268–269), UASP, UCMF, UL, UME (VI: 550–559), UMW, Vilkova (288–89), VUE, Zinkevych, NUCU website, 1978 (181–182), 1984 (213–214), 2006 (35)",https://www.stankovych.org.ua/,via email with daughter Rada Stankovych
"STARYTSKY, Mykhaylo","Старицький, Михайло",Male,"October 5th, 1957 in Luhansk, Ukraine","April 9th, 2014 in Frankfurt, Germany",-,Germany (moved in 2005),NMAU (1984) comp with A. Shtoharenko,-,"army (1976–78), played in Luhansk Philharmonic (1978–79), editor Muzychna Ukraina (1984–98), music editor for Dovzhenko Film Studio in Kyiv (1991–98), chief librarian at Russian State Library in Moscow (1998–2005)",joined (date unknown),"Karas, Korniy, Mukha (282), Rozhok, Shank (263), UME (VI: 563), UMW, Vilkova (289), 2006 (104)",-,-
"STECHYSHYN, Oksana","Стечишин, Оксана",Female,"April 22nd, 1998 in Ternopil, Ukraine",-,Germany,Germany (moved in 2023),"Ternopil Music College (2017) pno, LNMA (2021) pno, LNU (2025) psychology","Novoyarynchivska Children’s Music School (2020-21) pno, School of Arts of Free and Indifferent (2021-23), Brussels Music Academy (2023-) chamber music & accompany","pianist, cond, accompanist for Children’s Choral School “Zorynka” (2015-16) & LNMA (2021-23), running charity projects in Europe (music therapy programs, concerts/lectures on Ukrainian music), composer/arranger",-,-,-,via email 
"STEPANENKO, Kyrylo","Степаненко, Кирило",Male,"January 6th, 1990 in Kyiv, Ukraine",-,"Belleville, Ontario, Canada",Canada,"Royal Conservatory of Music in Toronto, George Brown College (2013) Arts & Science, Kyiv National Academy of Culture & Arts Management (2021) sound production, Stepoviy KMS theory & piano, LNMA (2021–) comp with M. Shved",-,"owner & producer for ArtBugs Records (2013–), musician (woodwinds)",-,-,-,via email
"STEPURKO, Viktor","Степурко, Віктор",Male,"December 22nd, 1951* in Mykolaivka, Kharkiv oblast, Ukraine *This is his real birthdate. His legal birthdate (date in sources) is different – January 2, 1952 because some parents changed the child’s legal date to a later date to trick Soviet officials to avoid sending their children to the army.",-,-,-,"NMAU (1981) cond, comp with M. Skoryk","Khmelnytsky Music College (1981–82), Makariv Music School (1982–97), NMAU (2004–)","director of choir “Sviat-kolo”, board member of festival “Musical Premieres of the Season” and Dumka Choir",joined (1983),"Mukha (285), Rozhok, Sonevytsky (273), UL, UME (586-89), UMW, Vilkova (294), VUE, NUCU website, 1984 (217), 2006 (37)",-,via email
"STOIANOVA, Anna","Стоянова, Анна",Female,"1991 in Odesa, Ukraine",-,"Ottawa, Canada",Canada,"ONMA (2014) musicology, comp (2017) comp with J. Gomelskaya & K. Tsepkolenko (2019) Phd “New Genre Paradigms of Ukrainian Composers’ Creativity Last Decades of XX – Beginning of XXI Century”","private lessons pno, comp, music theory & history, ONMA (2017–18) harmony & solfege",-,joined (2018),NUCU Website,-,via email 
"STRONKO, Boryslav","Стронько, Борислав",Male,"May 17th, 1970 in Tulchyn, Vinnytsia oblast, Ukraine",-,-,-,"KLMS (1988) music theory, NMAU (1993) comp with Y. Ishchenko, (1996), (2003) Phd ""Status of Existential Time (Ontological Time) in Music” supervisor V. Moskalenko","GKIM (1993–), NMAU (2003–)",-,joined (1996),"Korniy, Mukha (289–290), UL, UME (VI: 640–41), UMW, Vilkova (302), NUCU website, 2006 (37–38)",-,via email
"STUK, Anton","Стук, Антон",Male,"July 23rd, 1992 in Chernihiv, Ukraine",-,-,-,"Chernihiv Music College (2011) violin; comp with M. Demydenko, (2016) comp with I. Shcherbakov, electroacoustics",-,-,joined (2018),"UME (VI: 644-45), NUCU website",-,via email 
"STUTSCHEWSKY, Joachim","Стучевский, Иоахим",Male,"February 7th, 1891 in Romny, Poltava Oblast, Ukraine to musical family (father klezmer musician)","November 14th, 1982 in Tel-Aviv, Israel",-,Israel (moved in 1938),Leipzig Conservatory (1912) vlc,-,"Taught vlc in Zurich (1914–1924), founder of Vienna String Quartet, World Center for Jewish Music (1937), premiered works by Second Viennese School composers, musicologist on Hebrew folk music",-,"Beebe (68–69), Grove, Ho (531), IMI, JMRC, JVL, Shank (266), Slonimsky (VI:15)",-,-
"SVECHNIKOV, Anatoliy","Свєчніков, Анатолій",Male,"June 15th, 1908 in Kyiv, Ukraine","March 13th, 1962 in Kyiv, Ukraine",-,-,"NMAU (1932) comp with V. Zolotarov & L. Revutsky, (1938)",NMAU (1945-56) comp,"music director All-Donbass Drama Theatre (1932-33), theatres in Kyiv (1933-36) & Ukrainian Radio (1936-41, 44-51)",joined (unknwon),"Dytynyak (123), Mukha (261-62), Sonevytsky (277-78), UMW",-,-
"SYDORENKO, Wasyl","Сидоренко, Василь",Male,"March 15th, 1960 in Toronto, Canada (His parents Petro and Kateryna immigrated seperately to Canada from Ukraine after WWII and met in Toronto. His father was a survivor of Holodomor and Ostarbeiter Camps in Germany)","January 13th, 2022 in Toronto, Canada",-,Canada,"Royal Conservatory of Music in Toronto (1978) ARCT pno, University of Toronto (1983) Bachelor of Arts: Musicology Specialist (comp with W. Buczynski) & Geology Major, (2007) Masters in Library and Information Science; Ukrainian Free University in Munich (1989 & 1992) independent researcher in musicology",-,"President CUPE Local 1230 (2010–22), Founder Hypertext Plus (1998– 2022), Editor “Cathedral Bells” St. Volodymyr Ukrainian Orthodox Cathedral (1995– 2021), East European Reference Specialist at Petro Jacyk Resource Centre University of Toronto (1994–2022), artistic advisor for festivals “Ukrainian Music Festival” & “Ukrainian Art Song Project”, music critic with articles in US Daily, Svoboda & Canadian Weekly, The New Pathway, cond & organized concert for 100 year of Ukrainians in Canada (1991), musicologist contributed works such as the Encyclopedia of Ukraine",-,"CE, Karas, Mukha (264–265), Sonevytskyi (278), Struk (V: 139), UASP, UME (VI: 358–59)",-,via email and in person with sister Halyna Sydorenko
"SYROYID, Bohdan","Сироїд, Богдан",Male,"April 13th, 1995 in Lviv, Ukraine",-,-,Spain,"Bachelor at Higher Conservatory of Music of Malaga (2014) comp supervisor R.R. Samiñán, University of La Rioja (2015) music research, University of Chichester (2017) masters comp with G. Michelmore, University of Camilo José Cela (2019) master management, University of Leuven (2020) Phd musicology supervisor M. Delaere, Higher Conservatory of Music of Castilla-La Mancha (2022) pno, Higher Conservatory of Music of Murcia (2024) music pedagogy","University of Salamanca (2022–) assistant professor of music education, University of Castilla-La Mancha (2018–2022) associate lecturer in music education",-,-,-,https://syroyid.com/,via email
"SYSENKO, Anastasia","Сисенко, Анастасія",Female,"April 1st, 1998 in Chernihiv, Ukraine",-,-,-,"Chernihiv Music College (2016) music theory & education, LNMA (2021) comp & education, (2023) comp with V. Kaminsky & O. Manulyak",-,-,-,UL,-,via email
"TARANENKO, Ivan","Тараненко, Іван",Male,"September 16th, 1965 in Kaniv, Cherkasy oblast, Ukraine",-,-,-,"NMAU (1991) comp with V. Kyreyko, A. Shtoharenko & G. Liashenko (1995)","Kaniv State School (1991–1998), NMAU (1999–), Kyiv Academy of Arts (2018–)","founder of festival “Farbotony” (1998–). director Centre for Festivals and Competitions of the Kyiv Children’s Academy of Arts (2003–), co-founder Shevchenko Art Festival of Choral Singing “Chernecha Gora” (2012–)","joined (1994), secretary (2005–)","Korniy, Mukha (291–292), Rozhok, UCMF, UMW, Vilkova (304–05) Zagaykevych (156), NUCU website, 2006 (38)",-,via email
"TARANOV, Hlib","Таранов, Глів",Male,"June 2nd, 1904 in Kyiv, Ukraine","January 25th, 1992 in Kyiv, Ukraine",-,-,"NMAU (1924) cond, comp with R. Glière & B. Lyatoshynsky, KLMS (1925), SPSC (1944) Phd","KLMS (1925–1939), NMAU (1939–1941 & 1950–74) head of instrumentation department, SPSC (1941–1950)",-,"joined (date unknown), president (1956–1968)","Dytynyak (136–137), Ho (543–544), Korniy, Mukha (292–293), Olkhovsky, Rozhok, Shank (273), Slonimsky (VI: 77), Sonevytskyi (280–281), Struk (V: 161), UMW, Vilkova (306), 1968 (207–208), 1978 (185–186), 1984 (220–222)",-,-
"TARNOPOLSKI, Vladimir","Тарнопольський, Володимир",Male,"April 30th, 1955 in Dnipro, Ukraine",-,-,-,"MSC (1980) comp with E. Denisov, N. Sidelnikov & Y. Kholopov","MSC (1992–2022), Munich Hochshule für Musik und Theater (2022–)","founder of revitalized Association of Contemporary Music (1989) & Society of New Music and Center for Contemporary Music at MSC (1993), artistic director of Studio for New Music Moscow Ensemble (1993) & Moscow Forum Festival (1994–), founder and director of Jurgenson International Competition for Young Composers (2001–)",-,"Grove, Hakobian, LCP, Musicalics, Piirainen, Shank (273), Tsenova (253–265)",https://tarnopolski.ru//,via email
"TELYCHKO, Viktor","Теличко, Віктор",Male,"May 10th 1957 in Khust, Zarkappatia oblast",-,-,-,"Uzzhorod Music College (1976) pno, music theory, NMAU (1981) pno, (1984) comp with M. Skoryk","Uzhhorod Music College, Mukachevo Humanitarian-Pedagogical Institute, DSMA","Artistic director of Zakarpattia Philharmonic (1986-1990), director of festival Musical Constellation of Zakarpatta (1998-?), published articles, pianist","joined (1990), director of Zarkappatia branch (1994-)","Mukha (294), Sonevytsky (281), UL, NUCU website, 2006 (4, 70)",-,-
"TOMLENOVA, Alona","Томльонова, Альона",Female,"March 26th, 1963 in Odesa, Ukraine",-,-,-,ONMA (1986) comp with T. Maliukova,Odessa Music School no. 12 (1994–?),artistic director All-Ukraine Children Festival “Orpheus” (2000),joined (date unknown),"Korniy, Mukha (298–99), Musicalics, NMU, NUCU website, 2006 (82)",-,-
"TSEPKOLENKO, Karmella","Цепколенко, Кармелла",Female,"February 20th, 1955 in Odesa, Ukraine",-,-,-,"ONMA (1979) comp with O. Krasotov, Moscow Pedagogical Institute (1989), (1990) Phd comp with G. Tsypin",ONMA (1979–),"artistic director of “Two days and two nights of new music in Odesa”, head of Ukrainian section of International Society for Contemporary Music","joined (date unknown), secretary","Baley, Gnativ (62–64), Grove, Korniy, LCP, Mukha (316), Musicalics, NMU, Shank (278–79), Sonevytskyi (286–287), UCMF, UMW, Vilkova (333), VUE, Zagaykevych (155), NUCU website, 1984 (239), 2006 (83)",-,via email
"TSYTSALYUK, Hryhoriy","Цицалюк, Григорій",Male,"September 23rd, 1929 in Podilske, Khmelnytskyi oblast, Ukraine","June 17th, 1995 in Kharkiv, Ukraine",-,-,LNMA (1953) comp with S. Lyudkevych,KhNUA (1962–?),"artistic director of Vinnytsia Philharmonic (1953–7), director of Folk ensemble “Serp i molot” (Sickle and hammer)","joined (date unknown), head of Kharkiv branch (1982-?)","Dytynyak (148–49), Mukha (317), Struk (V: 310), UMW, Vilkova (335), 1968 (233), 1978 (207–08), 1984 (240–41)",-,-
"TURKEWICH-LUKIYANOVYCH, Stefania","Туркевич-Лукіянович, Стефанія",Female,"April 25th, 1898 in Lemburg [Modern: Lviv], Ukraine","April 8th, 1977 in Cambridge, United Kingdom",-,United Kingdom (moved in 1946) *fled Soviet Union in 1944,"KLMS (1906–1914) pno, comp with V. Barvinsky, Lviv University (1921) musicology with A. Khybinski, Ukrainian Free University in Prague (1934) Phd “Ukrainian Folklore in Opera”; Private comp studies: in Vienna (1921–23) J. Marx, in Berlin (1925–30) with A. Schoenberg & F. Schreker, in Prague (1930–34) with O. Sin & V. Novak","Lysenko Music Institute of Lviv (1935–39), LNMA (1940–1941)","accompanist Lviv Opera House, pno Lviv Radio, private piano teacher",(1939–41),"Dytynyak (90), ESU, Gnativ (64), IEU, Karas, Korniy, Mukha (183–184), Pavlyshyn, Shank (283), Sonevytskyi (289–290), Struk (V: 318–19), UASP, UDC, UL, UMW, Vilkova (313)",-,-
"TURNEEV, Sergey","Турнєєв, Сергій",Male,"April 8th, 1955 in Lysychansk, Luhansk oblast, Ukraine",-,-,-,KhNUA (1981) comp with V. Borysov,"Luhansk Music School, KhMS",-,joined (unknwon),"Mukha (300), Shank (283), Sonevytskyi (290), NUCU website, 2006 (91)",-,-
"TYLYK, Volodymyr","Тилик, Володимир",Male,"July 21st, 1938 in Dnipro, Ukraine","March 27th, 2009 in Kyiv, Ukraine",-,-,NMAU (1962) comp with L. Revutsky & A. Shtoharenko,GKIM (1976–81),"editor for Ukrainian Radio (1962–67), Muzyka (1967–70), Mystetsvo (1967–68), Muzychna Ukraina (1971–74)",joined (date unknown),"Drabyna (130–137), Dytynyak (138), Mukha (295), Rozhok, Sonevytskyi (291), Struk (V: 328), UMW, Vilkova (309), 1968 (211), 1978 (190), 1984 (224–225), 2006 (38-9)",-,-
"VARYTSKY, Valentyn","Варицький, Валентин",Male,"February 2nd, 1932 in Kyiv, Ukraine",-,-,-,NMAU (1969) comp with B. Lyatoshynsky,KMS (1960–62),editor Muzychna Ukraina (1966–73),joined (1972),"Dytynyak (27), ESU, Mukha (44–45), UME (I: 303), 1978 (20), 1984 (23), 2006 (11)",-,-
"VERESHCHAGIN, Yaroslav","Верещагін, Ярослав",Male,"December 12th, 1948 in Kyiv, Ukraine to musical family (father composer Roman Vereshchagin)","August 4th, 1999 in Vorzel, Kyiv oblast, Ukraine",-,-,NMAU (1973) comp with M. Skoryk,-,editor of Muzychna Ukraina (1973–) chief editor (1978–80 & 1985–87),"joined (1973), secretary (1980–85)","Drabyna (15–25), Dytynyak (29), ESU, Gnativ (65–66), Korniy, Mukha (48–49), Shank (288–89), Sonevytskyi (298–299), UME (I: 326–27), VUE, 1978 (21), 1984 (24–25)",-,-
"VERYKIVSKY, Mykhailo","Вериківський, Михайло",Male,"November 8th, 1896 in Kremenets, Ternopil oblast, Ukraine","June 14th, 1962 in Kyiv, Ukraine",-,-,NMAU (1923) comp with B. Yarovsky,"Kharkiv Opera (1928–35), KHNUA (1934–35) director of Opera & Ballet (1928–35), NMAU (1946–60)","cond of Ukrainian National choir (1919), Kyiv Opera & Ballet (1926–28), & Kharkiv Opera and Orchestra (1928–35), cofounder of Leontovych Music Association (1921–28), chairman of presidium for All-Ukrainian Society of Revolutionary Musicians (1928–30), head of Dumka State Chapel (1940), musicologist",-,"Baley, Dytynyak (30), ESU, Grove, Ho (576), IEU, Karas, Korniy, Mukha (49–50), Musicalics, Olkhovsky, Rozhok, Shank (289), Sonevytskyi (302–303), Struk (V: 590), UASP, UME (I: 327–29), UMW, Vilkova (41–42), VUE",-,-
"VILENSKY, Illya","Віленський, Ілля",Male,"March 14th, 1896 in Kremenchuk, Poltava Oblast, Ukraine","June 28th, 1973 in Kyiv, Ukrain",-,-,"SPSC (1918) pno, comp with V. Kalafati",-,"co-founder of Kyiv Philharmonic, Young People’s Theatre, and the Kharkiv Theatre of the Red Army (1920s), artistic director of Dance Ensemble of Ukraine (1937–41)","joined (date unknown), member of the organizing committee, director of military patronage commission","Dytynyak (34), ESU, Mukha (55), Sonevytskyi (304–05), Struk (V: 602), UME (I: 375), UMW, Vilkova (47–48), 1968 (26–27)",-,-
"VILKA, Serhiy","Вілка, Сергій",Male,"1987 in Donetsk, Ukraine",-,-,-,"NMAU (?), fl, comp with Y. Stankovych; Private studies: comp J. Kornowicz in Warsaw, Poland (2019)",-,-,-,"Gnativ (66–67), UCMF, UL",-,via email
"VODOVOZOV, Albert","Водовозов, Альберт",Male,"April 3rd, 1932 in Olkhovka, Luhansk oblast, Ukraine (father repressed during his childhood)","July 3rd, 2018 in Kyiv, Ukraine",-,-,NMAU (1956) comp with M. Vilinsky,DoMS (1956–92),"Music Director of Shakharsky Song & Dance Ensemble (1959–61), sound director of Donetsk Television Studio (1963–64)","joined (1967), head of Donetsk branch (1970–83)","Dytynytak (35), ESU, Mukha (58), UME (I: 396), UASP, UMW, Vilkova (49–50), NUCU website, 1968 (28), 1978 (25), 1984 (29–30), 2006 (12)",-,via email with son Eugen Vodovozov
"VOLOSHYNA, Yelyzaveta","Волошина, Єлизавета",Female,"May 5th, 2000 in Kehychivka, Kharkiv oblast Ukraine",-,-,-,KhNUA (2019–),-,-,-,-,-,via email
"VOLYNSKYI, Myroslav","Волинський, Мирослав",Male,"February 17th, 1955 in Pidtesovo, Krasnoyarsk, Siberia (his father was repressed at the time, then the family was released and moved to Ivano-Frankivsk)",-,-,-,"Ivano-Frankivsk Pedagogical Institute (1979) music education, LNMA (1986) comp with A. Kos-Anatolsky & L. Mazepa",LMS (1990–2022),-,joined (2007),"Sonevytsky (307), UASP, UMW, Vilkova (51-52), NUCU website",https://mwolynskij.at.ua/,via email
"VYSHYNSKYI, Vitalii","Вишинський, Віталій",Male,"February 14th, 1983 in Yemilchyne, Zhytomyr oblast, Ukraine",-,-,-,"NMAU (2003) pno, (2007) comp with Y. Ishchenko, (2010) Phd L. “The Symphonic Music of Gustav Mahler and Dmitry Shostakovich” supervisor L. Nebolyubova","KMS no. 37 (2006–08), NMAU (2008–11 & 2017–), KUB (2012–19), Kyiv Mohyla Business School (2016–21)","music curator for Cultural Project Educational Organization in Kyiv (2014–), The Ukrainian Cultural Foundation (2020–21)",joined (2011),"UL, UMW, VUE, NUCU websit",-,via email
"YAKUB, Roman","Якуб, Роман",Male,"August 16th, 1958 in Lviv, Ukraine",-,"Amherst, Massachusetts, USA",USA (moved in 1911),"LNMA (1982) comp A. Nikodemovicz, University of Massachusetts Amherst (1995) comp with R. Stern & C. Fussell, Boston University (1999) Phd with R. Cornell & M. Merryman","LNMA Children’s School (1978–1980), Davidovka Music School for Children (1982–1984), Voronezh Academy of Arts (1986–1988), Boston University (1995–2000), Hampshire College (2011–2014), Amherst College (2013–2014)","composer in residence for Voronezh Youth Theatre (1985–1990) & ProNetMusic Inc (2000-2001), artistic director Mini-Festivals of Contemporary Music (1988-1990) & Music Games International (2001–2005), founder Art and Music Games Inc (2005–), music copyist (1992–1997)",-,"LCP, Shank (295), VUE",www.yakubmusic.com,via email
"YAVORYK, Oleksandr","Яворик, Олександр",Male,"March 16th, 1948 in Kyiv, Ukraine","March 16th, 1948 in Kyiv, Ukraine",-,-,NMAU (1975) comp with Y. Ishchenko & L. Kolodub,-,"music director of Kyiv Youth Theatre, editor Muzychna Ukraina (1978-83)",joined (date unknown),"Mukha (330), Shank (297), Sonevytskyi (98-=–99), UMW, Vilkova (352), 1984 (270–71)",-,-
"YURINA, Ludmila","Юріна, Людмила",Female,"January 16th, 1962 in Uzyn, Kyiv Oblast, Ukraine",-,"Palo Alto, California, USA",USA,"GKIM (1981) pno, NMAU (1990) comp with Y. Stankovych & A. Shtoharenko, Stanford University (2011), (2024) computer research in music & acoustics","NMAU (1995–), Stanford University (2014-)","music director of theater studio “Kolo” (1990–1992), project coordinator for International Forum of Young Composers, director of contemporary festival “Meta-Art”, co-director of Festival of Ukrainian Music in Fort-Worth (2008, 2012), Ukrainian Contemporary Music Festival in New York (2020)",joined (1991),"Gnativ (67–68), Korniy, LCP, Mukha (338–339), Musicalics, NMU, Rozhok, Shank (300), Sonevytskyi (103), Zagaykevych (155), UCMF, UL, UMW, Vilkova (349–50), VUE, NUCU website, 2006 (44)",-,via email
"YURKO, Khrystyna","Юрко, Христина",Female,"1995 in Bila Tserkva, Kyiv oblast, Ukraine",-,-,-,"Lysenko Music School (2014) music theory, KhNUA (2020) & (2022) comp with V. Ptushkin, (2022–) with O. Shchetynsky & A. Zagaykevych",Kharkiv Academy of Culture (2023–) music theory,-,-,-,-,via email
"ZAGAYKEVYCH, Alla","Загайкевич, Алла",Female,"December 17th, 1966 in Khmelnytsky, Ukraine",-,-,-,"NMAU (1990) comp with Y. Ishchenko, IRCAM in Paris (1996)","NMAU (1997–2023) comp & electroacoustics, KhNAU (2023-) comp & electroacoustics",comp in Kharkiv (2023-),joined (1993),"ESU, Gnativ (68–69), Korniy, LCP, Musicalics, NMU, Shank (301–02), UCMF, UL, UME (II: 107), UMW, Vilkova (104–05), VUE, Zagaykevych (161), NUCU website, 2006 (18)",-,via email
"ZAHORTSEV, Volodymyr","Загорцев, Володимир",Male,"October 27th, 1944 in Kyiv, Ukraine","November 30th, 2010 in Kyiv, Ukraine",-,-,NMAU (1968) comp with B. Lyatoshynsky & A. Shtoharenko,-,editor Muzychna Ukraina (1968–74),joined (1972),"ESU, Grove, Ho (612–13), Korniy, Mukha (106–07), Musicalics, NMU, Rozhok, Schwarz, Shank (302), Slonimsky (VI: 507), Sonevytskyi (312–13), UCMF, UME (II: 109–10), UMW, VUE, Zagaykevych (154), NUCU website, 1978 (235), 1984 (74–75), 2006 (18)",-,-
"ZAV-SLOBOZHAN, Sergey","Зав-Слобожан, Сергій",Male,"April 18th, 1969 in Rubizhne, Luhansk oblast, Ukraine",-,Poland,Poland,"Luhansk Music School (1988) fl, KhNUA (1993) wind performance; Private Studies: in St Petersburg with Y. Falik & B. Tishchenko (1990), folk instruments",-,"accompanist in Rubizhne at the musical comedy theater & played in orchestras: pop symphony, jazz, folk instrument orchestra (1988–91), folklorist (1993–), artistic director of the Zolotaya Niva folk choir (2013–2014), Kharkiv folk ensemble (2015–2022)",-,-,-,via email
"ZAZHITKO, Sergei","Зажитко, Сергій",Male,"December 6th, 1962 in Chernihiv, Ukraine",-,-,-,NMAU (1990) comp with Y. Stankovych,-,Music editor for Muzychna Ukraina (1990–94),"joined (date unknown), consultant of Kyiv branch (1994–?) secretary (2003–?)","Mukha (109), Musicalics, NMU, Shank (302–03), UCMF, UMW, Korniy, LCP, Rozhok, Vilkova (107), NUCU website, 2006 (18)",-,-
"ZAVALISHINA, Mariya","Завалішина, Марія ",Female,"December 26th, 1903 in St. Petersburg, Russia","July 3rd, 1991 in Kyiv, Ukraine",-,-,ONMA (1939) comp with P. Molchanov,"Stoliarsky Special Music School (1937-8), ONMA (1945-51), NMAU (1951-61)","cond for Odes Drama Theatre (1935-6) & State Philharmonic (1952-3), music editor for Odesa Radio (1937-8), music school inspector (1938-41), Ukrainian Ministry for Arts in Kyiv (1951-2)",joined (date unknown),"Dytynyak (52-53), ESU, Mukha (105-6), Sonevytsky (316), UME (II: 105), UMW, Vilkova (104)",-,-
"ZHUKOV, Sergey","Жуков, Сергей",Male,"August 30th, 1951 in Zhytomyr, Ukraine",-,-,Russia,"Zhytomyr Music College (1973) comp with I. Stetsyuk, MSC (1978) comp with M. Chulaki, (1980)",MSC (1992–1993),"on the board of Union of Moscow Composers (1990–) chairman (2023–), on organizing committee for Moscow Autumn Festival (1998–)",-,"Grove, Herman (III: 83), Piirainen, Shank (304)",www.zhukovsergey.com,via email
"ZHURAVITSKY, Vadim","Журавицьский, Вадим",Male,"December 3rd, 1962 in Kyiv, Ukraine",-,"Stuttgart, Germany",Germany (moved in 2007),"NMAU (1986) comp with Y. Ishchenko, (1995)","KMS no. 3 (1989–93), NMAU (1993–2007)",-,joined (1990),"Karas, Mukha (104–05), Rozhok, Sonevytskyi (320), UME (II: 97), UMW, Vilkova (103), 2006 (17–18)",-,via email
"ZHYLINSKYI, Oleksandr","Жилінський, Олександр",Male,"December 1st, 1955 in Berdyansk, Zaporizhia Oblast, Ukraine","December 12th, 2020 in Kyiv, Ukraine",-,-,"Kyiv State Institute of Theatrical Arts (1977) singing and acting, NMAU (1987) comp with L. Kolodub",Kyiv School of Circus and Variety Arts & Kyiv State Institute of Theatrical Arts (1980–1982),"Head of the Center for Culture and Arts for the Ministry of Internal Affairs of Ukraine (1979), president of International Academy of Fine Arts & director of the jury for All-Ukrainian TV channels contests (1993–1997), founder and director of various festivals",-,"ESU, Mukha (103), UME (II: 83), UMW",www.zhylinskyi.com,via email with wife Oleksandra Modynova-Zhylinska 
"ZNATOKOV, Yuriy","Знатоков, Юрій",Male,"February 6th, 1926 in Batumi, Georgia","October 11th, 1998 in Odesa, Ukraine",-,-,ONMA (1951) comp with O. Kogan,director of Odesa Music School no. 1 & 4 (1953-62),soldier WWII,oined 1953 (on board of Odesa branch 1966-76),"Dytynyak (54), ESU, Herman (III: 84), Mukha (112), Sonevystsky (322-3), UME (II: 161), UMW, Vilkova (111), 1968 (83-4), 1978 (70-1), 1984 (77-9)",-,-
"ZNOSKO-BOROVSKY, Oleksandr","Зноско-Боровський, Олександр",Male,"February 27th, 1908 in Kyiv, Ukraine","March 8th, 1983 in Kyiv, Ukraine",-,-,"KMS (1927) vln, KLMS (1932) comp with I. Belza & L. Revutsky",NMAU (1946–1963),"resident comp for Kyiv Studio of Art Films (1931–41), head of music military service (1942–45), director of Mystetsvo (1945–63), director of Ukrainian branch of Muzfond (1958–68), Fled 1939-42 to Turkmenistan due to WWII until he was called for military service","joined (1946), on the board (1956–1968)","Dytynyak (55), ESU, Herman (III: 84–85), Ho (627–28), IEU, Korniy, Mukha (113), Rozhok, Shank (305), Slonimsky (VI: 529), Sonevytskyi (323–24), Struk (V: 871), UL, UME (II: 161–62), UMW, Vilkova (111–12), 1968 (85–86), 1978 (71–73)",-,-
"ZOLOTUKHIN, Volodymyr","Золотухін, Володимир ",Male,"May 16th, 1936 in Kharkiv, Ukraine","September 4th, 2010 in Kharkiv, Ukraine",-,-,KhNUA (1963) comp with D. Klebanov,Kharkiv Institute of the Arts (1963-?) music & comp,-,joined (1965) (head of Kharkiv branch 1994-9),"Dytynyak (55-56), ESU, Ho (629), Mukha (114), Sonevytsky (324-5), UME (II: 167), UMW, Vilkova (112), NUCU website",-,-
"ZUBITSKY, Volodymyr","Зубицький, Володимир",Male,"March 2nd, 1953 in Holoskove, Mykolaiv oblast, Ukraine",-,Italy,Italy (moved in 1995),"NMAU (1976) acc, (1977) comp with M. Skoryk, (1979) cond","acc soloist for UkrConcert (1976–79), private and masterclass acc teacher, head of the Young Composers Section of NUCU (1984–1988) head of Ukrainian Accordion Association (1989–95)",-,joined (1978),"ESU, Gnativ (69–70), Herman (III: 85), Korniy, Mukha (115), Musicalics, NMU, Rozhok, Shank (306–07), UME (II: 172), VUE, NUCU website, 1984 (82–83), 2006 (20)",-,via email
"ZUCKERT, Leon","Цукерт, Леон",Male,"May 4th, 1904 in Poltava, Ukraine","May 29th, 1992 in Toronto, Canada",-,Canada (moved in 1929),Poltava Imperial Music School (1918) vln,-,"vln in cafes, theaters, & dance orchestras in Argentina (1923–1929), vln in various Canadian orchestras: Winnipeg Symphony Orchestra (1932–34), Toronto Symphony Orchestra (1951–56 and 1961–63), Halifax Symphony Orchestra (1963–65), comp/arranger for Canadian Radio Commision [now Canadian Broadcasting Corporation]",-,"Beebe (80), CE, Slonimsky (VI: 532–33), UMW",-,-
"ZUYEV, Oleksandr","Зуєв, Олександр",Male,"August 30th, 1950 in Makiyivka, Donetsk oblast, Ukraine","October 31st, 2006 in Bucha, Kyiv oblast, Ukraine",-,-,NMAU (1974) comp with Y. Ishchenko,-,artistic director of vocal ensemble “Kobza” (1970–75),joined (1977),"Drabyna (49–58), Dytynyak (56), ESU, Korniy, Mukha (116), Shank (307), UME (II: 174–75), UMW, Vilkova (112), 1978 (78), 1984 (85–86), 2006 (20)",-,-